<?xml version="1.0" encoding="utf-8"?>
<DeckStatsList xmlns:xsi="http://www.w3.org/2001/XMLSchema-instance" xmlns:xsd="http://www.w3.org/2001/XMLSchema">
  <DeckStats>
    <Deck>
      <DeckId>3f55e9f9-e546-44ee-bf02-f67ea3ae4c81</DeckId>
      <Games />
      <Name>Aggro Mage 2.0</Name>
    </Deck>
    <Deck>
      <DeckId>37ecdc3f-8e79-4b73-94a9-225cb4c2f73c</DeckId>
      <Games />
      <Name>Spiteful Priest</Name>
    </Deck>
    <Deck>
      <DeckId>c2585283-e2e5-438e-a84f-4ed36b98f9ef</DeckId>
      <Games />
      <Name>quest warrior</Name>
    </Deck>
    <Deck>
      <DeckId>1da27da2-cebd-4e72-acea-2dc49e5e2dfe</DeckId>
      <Games />
      <Name />
    </Deck>
    <Deck>
      <DeckId>d2d1a45c-e4f4-4e23-9183-10d24cd01590</DeckId>
      <Games />
      <Name />
    </Deck>
    <Deck>
      <DeckId>f61923cb-1bfe-4e13-8fe1-e3add1965648</DeckId>
      <Games />
      <Name>Mazzo Cacciatore2</Name>
    </Deck>
    <Deck>
      <DeckId>2a13ed25-013b-44c4-909d-47364908c7ca</DeckId>
      <Games />
      <Name />
    </Deck>
    <Deck>
      <DeckId>efb142f6-60e1-4660-8c2d-7bc55589a3cc</DeckId>
      <Games />
      <Name />
    </Deck>
    <Deck>
      <DeckId>9629704b-5e40-4f1f-a76f-492c93271727</DeckId>
      <Games />
      <Name>Midrange Hunter</Name>
    </Deck>
    <Deck>
      <DeckId>75c67e73-34a8-47bb-9c51-88ab1aa705ee</DeckId>
      <Games />
      <Name>Arena 17-02 12:31</Name>
    </Deck>
    <Deck>
      <DeckId>ea99c8d9-b607-4c06-bd51-6b2ae09a7a9a</DeckId>
      <Games />
      <Name>Arena 27-02 22:03</Name>
    </Deck>
    <Deck>
      <DeckId>789d9950-babc-47ce-9efa-29e07c38a594</DeckId>
      <Games />
      <Name>Spitefull Druido</Name>
    </Deck>
    <Deck>
      <DeckId>358b7f38-b237-494b-9623-98c143a29c96</DeckId>
      <Games />
      <Name />
    </Deck>
    <Deck>
      <DeckId>5da79799-b95f-4505-90b8-cd7237d01e73</DeckId>
      <Games />
      <Name>Custom Priest2</Name>
    </Deck>
    <Deck>
      <DeckId>6c5b438c-5d51-4be2-99b3-50346ef25cf0</DeckId>
      <Games>
        <Game>
          <GameId>37c3412d-0efc-485a-b67a-2a492c99e6be</GameId>
          <PlayerHero>Warrior</PlayerHero>
          <OpponentHero>Warrior</OpponentHero>
          <Coin>false</Coin>
          <GameMode>Ranked</GameMode>
          <Result>Loss</Result>
          <Turns>18</Turns>
          <StartTime>2019-04-11T18:33:11.0787362+02:00</StartTime>
          <EndTime>2019-04-11T18:46:59.8366133+02:00</EndTime>
          <PlayerName>totti1019#2201</PlayerName>
          <OpponentName>Hicaru#21428</OpponentName>
          <ReplayFile>totti1019#2201(Warrior) vs Hicaru#21428(Warrior) 1847-110419.hdtreplay</ReplayFile>
          <WasConceded>true</WasConceded>
          <Rank>9</Rank>
          <OpponentRank>10</OpponentRank>
          <HearthstoneBuild>30103</HearthstoneBuild>
          <PlayerCardbackId>157</PlayerCardbackId>
          <OpponentCardbackId>157</OpponentCardbackId>
          <FriendlyPlayerId>2</FriendlyPlayerId>
          <ScenarioId>2</ScenarioId>
          <ServerInfo>
            <Address>37.244.49.214</Address>
            <AuroraPassword>eggmac</AuroraPassword>
            <ClientHandle>45357485</ClientHandle>
            <GameHandle>27852928</GameHandle>
            <Mission>2</Mission>
            <Port>1119</Port>
            <Resumable>true</Resumable>
            <SpectatorMode>false</SpectatorMode>
            <SpectatorPassword>cHkgPo</SpectatorPassword>
            <Version>1034145</Version>
          </ServerInfo>
          <GameType>GT_RANKED</GameType>
          <RankedSeasonId>66</RankedSeasonId>
          <OpponentHeroCardId>HERO_01</OpponentHeroCardId>
          <Region>EU</Region>
          <Format>Standard</Format>
          <DeckId>6c5b438c-5d51-4be2-99b3-50346ef25cf0</DeckId>
          <DeckName>Control warrior</DeckName>
          <PlayerDeckVersion>
            <Build>0</Build>
            <Major>1</Major>
            <Minor>0</Minor>
            <Revision>0</Revision>
          </PlayerDeckVersion>
          <HsDeckId>1767657917</HsDeckId>
          <PlayerCards>
            <Card Id="CS2_108" Count="2" Unconfirmed="1" />
            <Card Id="EX1_410" Count="2" />
            <Card Id="GIL_815" Count="1" />
            <Card Id="EX1_606" Count="2" />
            <Card Id="EX1_407" Count="2" />
            <Card Id="BOT_299" Count="2" />
            <Card Id="BOT_042" Count="2" />
            <Card Id="GIL_654" Count="2" />
            <Card Id="EX1_391" Count="1" />
            <Card Id="DAL_058" Count="2" Unconfirmed="1" />
            <Card Id="DAL_736" Count="1" />
            <Card Id="GIL_580" Count="2" />
            <Card Id="GIL_803" Count="1" />
            <Card Id="BOT_104" Count="2" Unconfirmed="1" />
            <Card Id="BOT_548" Count="1" />
            <Card Id="GIL_547" Count="1" />
            <Card Id="DAL_770" Count="1" />
            <Card Id="BOT_406" Count="1" Unconfirmed="1" />
            <Card Id="EX1_558" Count="1" Unconfirmed="1" />
            <Card Id="BOT_238" Count="1" Unconfirmed="1" />
          </PlayerCards>
          <OpponentCards>
            <Card Id="BOT_299" Count="2" />
            <Card Id="BOT_059" Count="2" />
            <Card Id="GIL_580" Count="2" />
            <Card Id="EX1_391" Count="1" />
            <Card Id="EX1_096" Count="1" />
            <Card Id="BOT_559" Count="2" />
            <Card Id="DAL_060" Count="1" />
            <Card Id="GIL_113" Count="1" />
            <Card Id="GIL_803" Count="2" />
            <Card Id="DAL_770" Count="2" />
            <Card Id="DAL_063" Count="1" />
            <Card Id="BOT_104" Count="1" />
            <Card Id="BOT_548" Count="1" />
            <Card Id="DAL_064" Count="1" />
            <Card Id="BOT_238" Count="1" />
          </OpponentCards>
        </Game>
        <Game>
          <GameId>0352c390-a24b-47bb-9809-324bd2f946d6</GameId>
          <PlayerHero>Warrior</PlayerHero>
          <OpponentHero>Shaman</OpponentHero>
          <Coin>false</Coin>
          <GameMode>Ranked</GameMode>
          <Result>Win</Result>
          <Turns>13</Turns>
          <StartTime>2019-04-11T18:47:17.47696+02:00</StartTime>
          <EndTime>2019-04-11T19:00:27.9270945+02:00</EndTime>
          <PlayerName>totti1019#2201</PlayerName>
          <OpponentName>Yoshie62#2425</OpponentName>
          <ReplayFile>totti1019#2201(Warrior) vs Yoshie62#2425(Shaman) 1900-110419.hdtreplay</ReplayFile>
          <WasConceded>true</WasConceded>
          <Rank>10</Rank>
          <Stars>4</Stars>
          <OpponentRank>10</OpponentRank>
          <HearthstoneBuild>30103</HearthstoneBuild>
          <PlayerCardbackId>157</PlayerCardbackId>
          <OpponentCardbackId>157</OpponentCardbackId>
          <FriendlyPlayerId>1</FriendlyPlayerId>
          <ScenarioId>2</ScenarioId>
          <ServerInfo>
            <Address>37.244.49.63</Address>
            <AuroraPassword>pJjmeF</AuroraPassword>
            <ClientHandle>45357485</ClientHandle>
            <GameHandle>6750309</GameHandle>
            <Mission>2</Mission>
            <Port>1119</Port>
            <Resumable>true</Resumable>
            <SpectatorMode>false</SpectatorMode>
            <SpectatorPassword>iDHCcj</SpectatorPassword>
            <Version>1034145</Version>
          </ServerInfo>
          <GameType>GT_RANKED</GameType>
          <RankedSeasonId>66</RankedSeasonId>
          <OpponentHeroCardId>HERO_02</OpponentHeroCardId>
          <Region>EU</Region>
          <Format>Standard</Format>
          <DeckId>6c5b438c-5d51-4be2-99b3-50346ef25cf0</DeckId>
          <DeckName>Control warrior</DeckName>
          <PlayerDeckVersion>
            <Build>0</Build>
            <Major>1</Major>
            <Minor>0</Minor>
            <Revision>0</Revision>
          </PlayerDeckVersion>
          <HsDeckId>1767657917</HsDeckId>
          <PlayerCards>
            <Card Id="GIL_580" Count="2" />
            <Card Id="GIL_654" Count="2" />
            <Card Id="GIL_803" Count="1" />
            <Card Id="CS2_108" Count="2" Unconfirmed="1" />
            <Card Id="BOT_548" Count="1" />
            <Card Id="EX1_558" Count="1" />
            <Card Id="BOT_104" Count="2" />
            <Card Id="EX1_407" Count="2" />
            <Card Id="EX1_410" Count="2" Unconfirmed="1" />
            <Card Id="BOT_042" Count="2" />
            <Card Id="GIL_815" Count="1" />
            <Card Id="BOT_238" Count="1" />
            <Card Id="GIL_547" Count="1" />
            <Card Id="BOT_406" Count="1" />
            <Card Id="EX1_606" Count="2" />
            <Card Id="DAL_058" Count="2" Unconfirmed="1" />
            <Card Id="BOT_299" Count="2" Unconfirmed="2" />
            <Card Id="EX1_391" Count="1" Unconfirmed="1" />
            <Card Id="DAL_770" Count="1" Unconfirmed="1" />
            <Card Id="DAL_736" Count="1" Unconfirmed="1" />
          </PlayerCards>
          <OpponentCards>
            <Card Id="EX1_509" Count="2" />
            <Card Id="EX1_508" Count="2" />
            <Card Id="DAL_077" Count="1" />
            <Card Id="DAL_433" Count="1" />
            <Card Id="DAL_710" Count="2" />
            <Card Id="CS2_173" Count="1" />
            <Card Id="EX1_506" Count="1" />
            <Card Id="GIL_678" Count="1" />
            <Card Id="DAL_049" Count="2" />
            <Card Id="GIL_681" Count="2" />
            <Card Id="EX1_507" Count="1" />
            <Card Id="EX1_103" Count="2" />
            <Card Id="TRL_520" Count="2" />
            <Card Id="DAL_726" Count="1" />
            <Card Id="CS2_046" Count="1" />
          </OpponentCards>
        </Game>
      </Games>
    </Deck>
    <Deck>
      <DeckId>a0726d44-2b7f-4508-8aca-6ba9ba2f35d6</DeckId>
      <Games />
      <Name>Aggro Mage 2.0</Name>
    </Deck>
    <Deck>
      <DeckId>806f5e92-e73d-4bfb-b16a-cd1610096e6b</DeckId>
      <Games />
      <Name>Aggro Paladin</Name>
    </Deck>
    <Deck>
      <DeckId>1fbc71f0-3257-4d29-aa9d-ca8f6f6c1cef</DeckId>
      <Games />
      <Name />
    </Deck>
    <Deck>
      <DeckId>55ef7199-3b58-448a-a1ac-d5dc820d2a8f</DeckId>
      <Games />
      <Name>quest warrior</Name>
    </Deck>
    <Deck>
      <DeckId>8c5f4130-d924-4814-a9f6-6e5da4126332</DeckId>
      <Games />
      <Name>Arena 26-02 13:38</Name>
    </Deck>
    <Deck>
      <DeckId>b49062fc-dda7-4a72-b827-2959e6b305f2</DeckId>
      <Games />
      <Name />
    </Deck>
    <Deck>
      <DeckId>a6262d85-acf3-43a8-b0c5-32897e2748ef</DeckId>
      <Games />
      <Name>Odd Warrior</Name>
    </Deck>
    <Deck>
      <DeckId>93d62679-836c-44b2-973b-f8719d6cb547</DeckId>
      <Games />
      <Name>Midrange Hunter</Name>
    </Deck>
    <Deck>
      <DeckId>b297e878-787e-43a9-8cf1-0f3bf51cb218</DeckId>
      <Games />
      <Name>Priest Face</Name>
    </Deck>
    <Deck>
      <DeckId>869383c3-0fbd-4546-a529-707a794903a1</DeckId>
      <Games />
      <Name />
    </Deck>
    <Deck>
      <DeckId>3672342b-9705-4027-9d7d-ce4887b019ed</DeckId>
      <Games />
      <Name />
    </Deck>
    <Deck>
      <DeckId>38def324-1f3f-4368-bcd2-41455741d36b</DeckId>
      <Games />
      <Name />
    </Deck>
    <Deck>
      <DeckId>02f9d28a-e965-4d0b-873c-f9814f0f0f9d</DeckId>
      <Games />
      <Name>Big Priest</Name>
    </Deck>
    <Deck>
      <DeckId>bb6a7c28-f7bf-49d7-8e44-34b57a334635</DeckId>
      <Games />
      <Name>Arena 18-10 20:26</Name>
    </Deck>
    <Deck>
      <DeckId>9376c67c-fe11-49e4-a522-6489c124527a</DeckId>
      <Games />
      <Name>Pestilenza</Name>
    </Deck>
    <Deck>
      <DeckId>d6692d6c-0b6d-425a-95b5-3f13752e24a5</DeckId>
      <Games />
      <Name />
    </Deck>
    <Deck>
      <DeckId>6c9e2745-f4ed-4cda-ade9-d553de5d25cf</DeckId>
      <Games />
      <Name>Custom Warlock2</Name>
    </Deck>
    <Deck>
      <DeckId>f5b24ac7-b130-47cb-b5f8-338d07a7a533</DeckId>
      <Games />
      <Name />
    </Deck>
    <Deck>
      <DeckId>c5f37175-8847-4aba-a6ce-a37f99243af5</DeckId>
      <Games />
      <Name />
    </Deck>
    <Deck>
      <DeckId>d011ea35-9ca4-4cec-9503-13e153580502</DeckId>
      <Games />
      <Name>Priest Face</Name>
    </Deck>
    <Deck>
      <DeckId>83aaa178-baa0-4d22-b46e-2fe1869f4b05</DeckId>
      <Games />
      <Name>Mazzo Mago</Name>
    </Deck>
    <Deck>
      <DeckId>2b068b31-5ec0-4db1-9f6c-68850af96396</DeckId>
      <Games />
      <Name>Use no deck</Name>
    </Deck>
    <Deck>
      <DeckId>653c5c76-f816-4bbd-bebb-4ca3b0f5cf9c</DeckId>
      <Games />
      <Name />
    </Deck>
    <Deck>
      <DeckId>d53fcc55-2642-4fe6-85f1-f1bc7f4c5fe9</DeckId>
      <Games />
      <Name>Mazzo Ladro</Name>
    </Deck>
    <Deck>
      <DeckId>f59c88b0-3670-4872-a62d-80d4c8d351fc</DeckId>
      <Games />
      <Name />
    </Deck>
    <Deck>
      <DeckId>92b964d5-f8e3-47ac-90e2-9d7a2800e4b5</DeckId>
      <Games />
      <Name>Custom Priest3</Name>
    </Deck>
    <Deck>
      <DeckId>fbbdc2ba-7118-4736-8ada-4a0e91b88f99</DeckId>
      <Games />
      <Name>Murloc Paladin</Name>
    </Deck>
    <Deck>
      <DeckId>a0524016-5375-429f-8677-3a97af2a79e7</DeckId>
      <Games />
      <Name />
    </Deck>
    <Deck>
      <DeckId>e980fd68-4a2d-4352-b695-95b705acc68c</DeckId>
      <Games />
      <Name>Arena 20-02 19:04</Name>
    </Deck>
    <Deck>
      <DeckId>689551c1-4c3f-4faa-938e-64e9598e7958</DeckId>
      <Games />
      <Name />
    </Deck>
    <Deck>
      <DeckId>60f00aaf-f6c9-431c-bfc4-0a506192db9c</DeckId>
      <Games />
      <Name />
    </Deck>
    <Deck>
      <DeckId>0c08ca40-afb8-4b4a-9f1b-4268c93577c7</DeckId>
      <Games />
      <Name>Monster Hunt 09-05 22:03</Name>
    </Deck>
    <Deck>
      <DeckId>ae8ddc5f-5d9e-4c93-9496-d12d4a8c0036</DeckId>
      <Games />
      <Name />
    </Deck>
    <Deck>
      <DeckId>5f469654-752c-4f79-be1e-21f544e6b916</DeckId>
      <Games />
      <Name>Warlock aggro m2a</Name>
    </Deck>
    <Deck>
      <DeckId>cf3bfbb4-8e4d-4ad8-8e61-40a8e99950d0</DeckId>
      <Games />
      <Name>Super Malygos</Name>
    </Deck>
    <Deck>
      <DeckId>e3aaafc9-d3fe-4d04-bb2b-86191df83a3b</DeckId>
      <Games />
      <Name>Use no deck</Name>
    </Deck>
    <Deck>
      <DeckId>b013cdf6-ccc7-4473-a4de-2aa8efdfe161</DeckId>
      <Games />
      <Name />
    </Deck>
    <Deck>
      <DeckId>56dbef8e-2a2c-4b63-8aa8-adc527c7ce5d</DeckId>
      <Games />
      <Name />
    </Deck>
    <Deck>
      <DeckId>17522985-09a3-4b4f-b528-5d648e29f9d4</DeckId>
      <Games />
      <Name />
    </Deck>
    <Deck>
      <DeckId>57acd819-9bb7-43b5-8457-e4fae1186283</DeckId>
      <Games />
      <Name>Mazzo Stregone</Name>
    </Deck>
    <Deck>
      <DeckId>fccecc43-ed90-4eec-a9fc-3cffb35f6a8f</DeckId>
      <Games />
      <Name>Custom Paladin</Name>
    </Deck>
    <Deck>
      <DeckId>90ce4a2c-9aba-4805-a306-b9952c8a0497</DeckId>
      <Games />
      <Name />
    </Deck>
    <Deck>
      <DeckId>9b301d69-4b0c-43c3-9491-8fef4cbbae25</DeckId>
      <Games />
      <Name>Agr Paladin Silver hand</Name>
    </Deck>
    <Deck>
      <DeckId>4195994a-675b-4411-ad36-abba73065040</DeckId>
      <Games />
      <Name />
    </Deck>
    <Deck>
      <DeckId>eae29ff5-9d5c-4fa5-841b-99827c34d862</DeckId>
      <Games />
      <Name>Aggro Druid</Name>
    </Deck>
    <Deck>
      <DeckId>0e5628c2-931c-4027-8802-a21294265ffe</DeckId>
      <Games />
      <Name />
    </Deck>
    <Deck>
      <DeckId>230ada65-2812-4352-acb7-8b0a2ca4de36</DeckId>
      <Games />
      <Name />
    </Deck>
    <Deck>
      <DeckId>059fe982-5b0a-47e7-a90b-cdc552f49e3a</DeckId>
      <Games />
      <Name>Mazzo Sacerdote2</Name>
    </Deck>
    <Deck>
      <DeckId>9ce740d6-698a-4d25-9a23-f68ba479cd4f</DeckId>
      <Games />
      <Name>Brawl 29-03 19:53</Name>
    </Deck>
    <Deck>
      <DeckId>dd9a9050-1ad6-4a22-87a3-57910f25fb41</DeckId>
      <Games />
      <Name />
    </Deck>
    <Deck>
      <DeckId>883ff048-30cc-42e4-9a10-67897b3fe0e8</DeckId>
      <Games />
      <Name />
    </Deck>
    <Deck>
      <DeckId>398e3aaf-36a6-42cb-a2a2-018b97d2e713</DeckId>
      <Games />
      <Name />
    </Deck>
    <Deck>
      <DeckId>f911d94e-923b-4e89-8a74-eb482fe186fe</DeckId>
      <Games />
      <Name />
    </Deck>
    <Deck>
      <DeckId>42ac862a-f09a-4f4e-9776-78774899cff7</DeckId>
      <Games />
      <Name />
    </Deck>
    <Deck>
      <DeckId>af587dfa-aa5e-4c67-a157-62a6f3d4b4ff</DeckId>
      <Games />
      <Name>Arena 13-02 22:02</Name>
    </Deck>
    <Deck>
      <DeckId>32cb026b-fdde-4fd4-bba9-295e7bbc5f84</DeckId>
      <Games />
      <Name />
    </Deck>
    <Deck>
      <DeckId>5540357a-4300-462f-9100-c03b71557e68</DeckId>
      <Games />
      <Name />
    </Deck>
    <Deck>
      <DeckId>3dd0e11d-4c7d-4b56-9ad1-673d6165a132</DeckId>
      <Games />
      <Name>Custom Paladin2</Name>
    </Deck>
    <Deck>
      <DeckId>daaca969-b315-472b-be4d-f5e432185a4a</DeckId>
      <Games />
      <Name />
    </Deck>
    <Deck>
      <DeckId>daf50323-b068-4101-8055-a6e9e32bfa1d</DeckId>
      <Games />
      <Name />
    </Deck>
    <Deck>
      <DeckId>1685ede8-afdc-42e7-be09-20c10264f783</DeckId>
      <Games />
      <Name>Arena 06-02 20:41</Name>
    </Deck>
    <Deck>
      <DeckId>37032f32-1ccb-40c0-983a-29f2023a92d2</DeckId>
      <Games />
      <Name>Agr Paladin Silver hand</Name>
    </Deck>
    <Deck>
      <DeckId>fe32545c-a92b-4010-a2ea-267ddb9893dc</DeckId>
      <Games />
      <Name />
    </Deck>
    <Deck>
      <DeckId>a7d8c606-3b2a-4ed9-a83e-f07cd659f860</DeckId>
      <Games />
      <Name>Mazzo Ladro</Name>
    </Deck>
    <Deck>
      <DeckId>d8f5206f-6b85-4d5a-ac9f-8e10072c8978</DeckId>
      <Games />
      <Name>Kellady</Name>
    </Deck>
    <Deck>
      <DeckId>2b667a93-9f5f-4ea1-bb87-a98ed2668650</DeckId>
      <Games />
      <Name />
    </Deck>
    <Deck>
      <DeckId>384181da-8ba4-4985-9b93-9e40e0ff734f</DeckId>
      <Games />
      <Name />
    </Deck>
    <Deck>
      <DeckId>fdc48233-260a-4286-86aa-52520c81b8ee</DeckId>
      <Games />
      <Name />
    </Deck>
    <Deck>
      <DeckId>fb85d206-6cc9-4f6d-a766-7acf3f2b938a</DeckId>
      <Games />
      <Name />
    </Deck>
    <Deck>
      <DeckId>10ccc3ba-59e6-462f-afdb-312534414870</DeckId>
      <Games />
      <Name>Odd Quest Warrior</Name>
    </Deck>
    <Deck>
      <DeckId>9ad1ecc4-6a91-403c-a968-b7a8b32a2dde</DeckId>
      <Games />
      <Name>Undatakah Druid</Name>
    </Deck>
    <Deck>
      <DeckId>ecd23e4f-4ae0-4ecd-8043-a7644333aac7</DeckId>
      <Games />
      <Name>Arena 18-03 21:17</Name>
    </Deck>
    <Deck>
      <DeckId>69d91996-8372-429f-890e-a10c8610e435</DeckId>
      <Games />
      <Name />
    </Deck>
    <Deck>
      <DeckId>ccf4872a-ea73-4a0e-85a0-fb21f79cd5ba</DeckId>
      <Games />
      <Name />
    </Deck>
    <Deck>
      <DeckId>7b1aacd8-75b1-4f25-9609-e6e9c79c09f2</DeckId>
      <Games />
      <Name>Mazzo Cacciatore</Name>
    </Deck>
    <Deck>
      <DeckId>b82ba601-b90c-4fac-b672-ac351bdc5484</DeckId>
      <Games />
      <Name>Brawl 29-03 19:53</Name>
    </Deck>
    <Deck>
      <DeckId>bf8465c3-084b-4048-9a08-208a1592e539</DeckId>
      <Games />
      <Name>Even Warlock new</Name>
    </Deck>
    <Deck>
      <DeckId>f46896c8-dbde-4a4c-a960-c0f78da6e419</DeckId>
      <Games />
      <Name />
    </Deck>
    <Deck>
      <DeckId>2cf4caf3-2781-43d9-9415-9b659230f9f3</DeckId>
      <Games />
      <Name>Mazzo Paladino</Name>
    </Deck>
    <Deck>
      <DeckId>d3998173-e6c7-4c1b-ad7c-84804f6b2862</DeckId>
      <Games />
      <Name />
    </Deck>
    <Deck>
      <DeckId>d095cb87-8545-4ade-887f-a9aab5c1d82c</DeckId>
      <Games />
      <Name />
    </Deck>
    <Deck>
      <DeckId>d949a8ea-63f1-4689-b139-df1f4ce1cf9e</DeckId>
      <Games />
      <Name>Super WindFury OTK Shama</Name>
    </Deck>
    <Deck>
      <DeckId>6a09d87e-2ed0-41c6-9ede-5bcfc968f6a9</DeckId>
      <Games />
      <Name />
    </Deck>
    <Deck>
      <DeckId>0ab1f885-1e77-4c98-ae99-12b7d8bcc017</DeckId>
      <Games />
      <Name>quest warrior</Name>
    </Deck>
    <Deck>
      <DeckId>151b41da-4066-4435-ad33-dd9a3830aa80</DeckId>
      <Games />
      <Name>Use no deck</Name>
    </Deck>
    <Deck>
      <DeckId>cc69515a-833b-41d6-bb3a-1e77e30f8efc</DeckId>
      <Games />
      <Name />
    </Deck>
    <Deck>
      <DeckId>4bb1efa5-41c8-43eb-ba74-1112afae8dde</DeckId>
      <Games />
      <Name />
    </Deck>
    <Deck>
      <DeckId>720e5420-fb4f-4597-9f46-8b2ff4d91b2e</DeckId>
      <Games />
      <Name />
    </Deck>
    <Deck>
      <DeckId>71b333fd-1d05-4d4d-ab41-6e882286ba83</DeckId>
      <Games />
      <Name />
    </Deck>
    <Deck>
      <DeckId>2643a625-8544-4518-bdfe-a576cc8a31a6</DeckId>
      <Games />
      <Name />
    </Deck>
    <Deck>
      <DeckId>874abf12-4f22-4784-b652-805a5d561eca</DeckId>
      <Games />
      <Name>ZOO Stregone</Name>
    </Deck>
    <Deck>
      <DeckId>d3e84e21-f728-49ed-9a6f-21729f1895a8</DeckId>
      <Games />
      <Name />
    </Deck>
    <Deck>
      <DeckId>73a4daf6-5c31-4342-ba04-4227650fffc7</DeckId>
      <Games />
      <Name />
    </Deck>
    <Deck>
      <DeckId>21db00af-8481-4a9a-8d28-1010a5c09a58</DeckId>
      <Games />
      <Name />
    </Deck>
    <Deck>
      <DeckId>1c6322d9-c634-4da3-a44a-33f390dea15f</DeckId>
      <Games />
      <Name>Mazzo Ladro</Name>
    </Deck>
    <Deck>
      <DeckId>ee427e40-43fd-4b49-944c-4295f584f65a</DeckId>
      <Games />
      <Name />
    </Deck>
    <Deck>
      <DeckId>a96e62b6-6b91-435a-b10b-52ce63d0b946</DeckId>
      <Games />
      <Name />
    </Deck>
    <Deck>
      <DeckId>c634143f-6efe-4fc1-a0ff-82ed275cdaf0</DeckId>
      <Games />
      <Name>Kingsbane colento Rogue</Name>
    </Deck>
    <Deck>
      <DeckId>c577c0e2-bdab-4731-a25c-9460c19dab0a</DeckId>
      <Games />
      <Name />
    </Deck>
    <Deck>
      <DeckId>16a50c76-1242-48e3-88a7-608857543e28</DeckId>
      <Games />
      <Name />
    </Deck>
    <Deck>
      <DeckId>5f747106-f3be-480f-a326-abc28f267894</DeckId>
      <Games />
      <Name>Pogo-hopper Rogue</Name>
    </Deck>
    <Deck>
      <DeckId>7f4801ff-e7c6-4dbe-948d-13b851104197</DeckId>
      <Games />
      <Name />
    </Deck>
    <Deck>
      <DeckId>30de9ae1-d3d0-4eb3-a246-043a879ad26d</DeckId>
      <Games />
      <Name />
    </Deck>
    <Deck>
      <DeckId>489b7b65-4472-4731-bcf7-191ed5f38646</DeckId>
      <Games />
      <Name>Mazzo Druido2</Name>
    </Deck>
    <Deck>
      <DeckId>6157fe8f-d8aa-463a-a95f-4cab6da1c597</DeckId>
      <Games />
      <Name>Arena 08-02 11:17</Name>
    </Deck>
    <Deck>
      <DeckId>2a3c8c71-95ce-4f74-a2de-72fab40e5a94</DeckId>
      <Games />
      <Name>Mazzo Guerriero</Name>
    </Deck>
    <Deck>
      <DeckId>5408e065-660b-47de-bae7-5f810ff5d8b8</DeckId>
      <Games />
      <Name />
    </Deck>
    <Deck>
      <DeckId>da02e78b-4f10-47a2-aca6-91f1fc424c53</DeckId>
      <Games />
      <Name>Spitefull</Name>
    </Deck>
    <Deck>
      <DeckId>a687d3a9-ab99-49ad-a0da-c2a966d0f8f3</DeckId>
      <Games />
      <Name>Custom Paladin</Name>
    </Deck>
    <Deck>
      <DeckId>bffd8ddb-c81b-4928-a267-2c6e82039160</DeckId>
      <Games />
      <Name>Mazzo Druido</Name>
    </Deck>
    <Deck>
      <DeckId>8a159aac-0ecc-4b11-a16e-985c33761b6b</DeckId>
      <Games />
      <Name>Arena 09-02 18:24</Name>
    </Deck>
    <Deck>
      <DeckId>4e11587a-7d5a-44f9-bc5c-55527783f0e5</DeckId>
      <Games />
      <Name>Mazzo Druido2</Name>
    </Deck>
    <Deck>
      <DeckId>b19795b3-1e51-4383-b0c9-44fe152f28ab</DeckId>
      <Games />
      <Name>[74% WR 37-13] Prince Keleseth Zoolock</Name>
    </Deck>
    <Deck>
      <DeckId>8ebc1d24-fa02-449f-a85d-d6f4e806f827</DeckId>
      <Games />
      <Name />
    </Deck>
    <Deck>
      <DeckId>70e84ad4-ae1a-494e-9b31-5cab0c7d33ce</DeckId>
      <Games />
      <Name />
    </Deck>
    <Deck>
      <DeckId>2dc2fe76-4504-4bfb-b9f5-457b1f435820</DeckId>
      <Games />
      <Name />
    </Deck>
    <Deck>
      <DeckId>1befa789-09f8-47ee-b519-5f29d79377e9</DeckId>
      <Games />
      <Name />
    </Deck>
    <Deck>
      <DeckId>cedc4901-89cb-4fbe-84a5-e297f47ed441</DeckId>
      <Games />
      <Name />
    </Deck>
    <Deck>
      <DeckId>7786ee43-0f39-41de-ad91-b2d9ff0c56a2</DeckId>
      <Games />
      <Name>Custom Shaman</Name>
    </Deck>
    <Deck>
      <DeckId>d7193ba0-2fcc-40f8-9c74-6aa05147ebea</DeckId>
      <Games />
      <Name />
    </Deck>
    <Deck>
      <DeckId>16fcf8ad-5bc7-4fe2-acf9-f00682614627</DeckId>
      <Games />
      <Name>Custom Mage</Name>
    </Deck>
    <Deck>
      <DeckId>7d31a54a-15c7-45a7-adc6-498a7ea851fe</DeckId>
      <Games />
      <Name>Rumble Run 18-12 20:24</Name>
    </Deck>
    <Deck>
      <DeckId>2a7c9ca2-c19d-4dbc-a803-849f8c96445e</DeckId>
      <Games />
      <Name />
    </Deck>
    <Deck>
      <DeckId>2c57e6d0-d384-4377-aef2-5244383385e7</DeckId>
      <Games />
      <Name>DRAZAKUS</Name>
    </Deck>
    <Deck>
      <DeckId>af57228d-32ae-4cf2-a41c-cf8f36e92eaa</DeckId>
      <Games />
      <Name />
    </Deck>
    <Deck>
      <DeckId>23d1b209-af53-48ce-86ab-ba421bcb0606</DeckId>
      <Games />
      <Name>Spitefull Druido</Name>
    </Deck>
    <Deck>
      <DeckId>3e493548-3ffc-4c79-9e3f-0a1deca97c10</DeckId>
      <Games />
      <Name>Rumble Run 18-12 20:54</Name>
    </Deck>
    <Deck>
      <DeckId>3d25cb88-ffa0-4c36-9494-e4e11b38f8ae</DeckId>
      <Games />
      <Name />
    </Deck>
    <Deck>
      <DeckId>63c41069-31ab-40b2-8b53-30a8128a0e72</DeckId>
      <Games />
      <Name />
    </Deck>
    <Deck>
      <DeckId>fb885ba0-7079-4a09-b215-ecbfb0f71628</DeckId>
      <Games />
      <Name />
    </Deck>
    <Deck>
      <DeckId>9ae18a77-7e18-43c1-9493-186e7c1fcfcc</DeckId>
      <Games />
      <Name />
    </Deck>
    <Deck>
      <DeckId>de8021e1-d989-4065-9dcf-abea05772cdc</DeckId>
      <Games />
      <Name />
    </Deck>
    <Deck>
      <DeckId>52def3b6-0d7d-4edf-b39b-53da59160a6c</DeckId>
      <Games />
      <Name />
    </Deck>
    <Deck>
      <DeckId>fa307347-ef00-4827-abbb-da4d02276aca</DeckId>
      <Games />
      <Name />
    </Deck>
    <Deck>
      <DeckId>9f45914c-9a6f-476a-a218-493e6560013c</DeckId>
      <Games />
      <Name />
    </Deck>
    <Deck>
      <DeckId>9dd77cbb-2548-4790-a783-8fe5cc86abfa</DeckId>
      <Games />
      <Name />
    </Deck>
    <Deck>
      <DeckId>07678d7b-fa3c-4c80-919c-357f43dbaeb9</DeckId>
      <Games />
      <Name />
    </Deck>
    <Deck>
      <DeckId>7eff5797-f548-42a2-acf7-8c194162d8c4</DeckId>
      <Games />
      <Name />
    </Deck>
    <Deck>
      <DeckId>11b06f36-f2a7-477c-8140-6bca8b158ab3</DeckId>
      <Games />
      <Name />
    </Deck>
    <Deck>
      <DeckId>6d5df6b0-d0cb-4de6-bc4b-d0b310ce5059</DeckId>
      <Games />
      <Name>Custom Mage</Name>
    </Deck>
    <Deck>
      <DeckId>f3869602-d042-44b7-bae4-b45ef78371c4</DeckId>
      <Games />
      <Name>Rumble Run 20-12 21:31</Name>
    </Deck>
    <Deck>
      <DeckId>5543b195-f253-4145-a825-c5337b098908</DeckId>
      <Games />
      <Name />
    </Deck>
    <Deck>
      <DeckId>fcac3b79-6513-4500-8974-34b9617642f6</DeckId>
      <Games />
      <Name />
    </Deck>
    <Deck>
      <DeckId>edd2c5b6-db40-4914-9cf5-a1d059e78d17</DeckId>
      <Games />
      <Name>Odd Warrior</Name>
    </Deck>
    <Deck>
      <DeckId>19ae5939-90dc-4c67-b461-821c15ad582c</DeckId>
      <Games />
      <Name>Custom Hunter</Name>
    </Deck>
    <Deck>
      <DeckId>d051b8fe-0e73-4dd4-9df8-4c9e4f2400af</DeckId>
      <Games />
      <Name />
    </Deck>
    <Deck>
      <DeckId>0bb0104b-f835-4ad5-a8dc-aa4dbba83d2c</DeckId>
      <Games />
      <Name />
    </Deck>
    <Deck>
      <DeckId>8bafd637-3ad5-441a-9fb3-a8294903333e</DeckId>
      <Games />
      <Name>Agr Paladin Silver hand</Name>
    </Deck>
    <Deck>
      <DeckId>51aaa661-fed7-4f71-82f2-c23bce20f9c1</DeckId>
      <Games />
      <Name />
    </Deck>
    <Deck>
      <DeckId>5b2aea40-0aa2-4b16-9238-77275a345005</DeckId>
      <Games />
      <Name />
    </Deck>
    <Deck>
      <DeckId>917b1718-28fe-47b2-9788-2067885cc6e1</DeckId>
      <Games />
      <Name>Use no deck</Name>
    </Deck>
    <Deck>
      <DeckId>e71dbf89-f029-496c-9f20-caf054587648</DeckId>
      <Games />
      <Name />
    </Deck>
    <Deck>
      <DeckId>e732cd20-df82-4b46-84d5-7da86a091ec7</DeckId>
      <Games />
      <Name />
    </Deck>
    <Deck>
      <DeckId>fc593b47-c799-4f2d-92a1-fba0cb0c81b4</DeckId>
      <Games />
      <Name>Arena 17-03 17:51</Name>
    </Deck>
    <Deck>
      <DeckId>c12736a3-e1d1-433d-a834-9a62c758327b</DeckId>
      <Games />
      <Name />
    </Deck>
    <Deck>
      <DeckId>b500e40b-86fa-42b4-b19a-12e91cf0b1f6</DeckId>
      <Games />
      <Name />
    </Deck>
    <Deck>
      <DeckId>f646c4f3-4c42-403c-9619-6b87ab996d39</DeckId>
      <Games />
      <Name />
    </Deck>
    <Deck>
      <DeckId>78c9e8a3-ca98-4ae8-b726-ecbf1c504418</DeckId>
      <Games />
      <Name>Questalo Warrior</Name>
    </Deck>
    <Deck>
      <DeckId>bf06d5bf-c584-4e69-9664-5b44ee27b745</DeckId>
      <Games />
      <Name />
    </Deck>
    <Deck>
      <DeckId>018597a8-57f1-45e0-ac85-045563f58703</DeckId>
      <Games />
      <Name>MIND BLAST PRIEST</Name>
    </Deck>
    <Deck>
      <DeckId>d4a2dfbc-f3cd-4d3b-bd3b-2b1f559abfb1</DeckId>
      <Games />
      <Name>Dragon Priest</Name>
    </Deck>
    <Deck>
      <DeckId>cae7bd76-0b2d-43f7-a7e5-2fe75ec3bd42</DeckId>
      <Games />
      <Name />
    </Deck>
    <Deck>
      <DeckId>da07cd3f-71ab-49d2-b5f6-6726f83dfcbd</DeckId>
      <Games />
      <Name />
    </Deck>
    <Deck>
      <DeckId>05425277-e165-41dd-b8d2-a9b514c367bc</DeckId>
      <Games />
      <Name>Monster Hunt 03-05 19:13</Name>
    </Deck>
    <Deck>
      <DeckId>6e07dc76-ac82-41d7-b6b4-80f04b9de79d</DeckId>
      <Games />
      <Name>Custom Rogue</Name>
    </Deck>
    <Deck>
      <DeckId>9f11f6ed-a746-4bdb-9813-3be2df4d57b0</DeckId>
      <Games />
      <Name />
    </Deck>
    <Deck>
      <DeckId>94212121-5ad3-4654-b67c-f810c813dd02</DeckId>
      <Games />
      <Name>Brawl 20-12 21:23</Name>
    </Deck>
    <Deck>
      <DeckId>a5d93140-d472-48c2-9b92-131021563e8e</DeckId>
      <Games />
      <Name>Big priest</Name>
    </Deck>
    <Deck>
      <DeckId>f8eef2dd-935f-40b3-b178-02f1e9e0fc3c</DeckId>
      <Games />
      <Name />
    </Deck>
    <Deck>
      <DeckId>4c06d4b6-d815-471c-92d8-a008ead4f236</DeckId>
      <Games />
      <Name />
    </Deck>
    <Deck>
      <DeckId>45d55f4f-6e81-4757-b928-8d61816697eb</DeckId>
      <Games />
      <Name>Mazzo Stregone</Name>
    </Deck>
    <Deck>
      <DeckId>89dd2a8d-b562-4a51-b769-4819185176b6</DeckId>
      <Games />
      <Name>Wall secret burn Mage</Name>
    </Deck>
    <Deck>
      <DeckId>8d3acb1e-f6b2-45c8-b66e-902371cb9e1b</DeckId>
      <Games />
      <Name />
    </Deck>
    <Deck>
      <DeckId>9761173f-36eb-4cdb-9fe1-c54a289eb59d</DeckId>
      <Games />
      <Name>Even Warlock new</Name>
    </Deck>
    <Deck>
      <DeckId>2cfb5944-0bdc-418c-9238-91f080e4416c</DeckId>
      <Games />
      <Name />
    </Deck>
    <Deck>
      <DeckId>c2aa5c97-67ce-457a-82cf-e2975c5b35b0</DeckId>
      <Games />
      <Name />
    </Deck>
    <Deck>
      <DeckId>3e2de55c-93bc-443a-a916-b9be2bd35592</DeckId>
      <Games />
      <Name />
    </Deck>
    <Deck>
      <DeckId>de1adc3b-1a3b-40f6-a0fa-dbdcbb8fd1f1</DeckId>
      <Games />
      <Name>TOP20</Name>
    </Deck>
    <Deck>
      <DeckId>9e3b14d7-3f31-4e01-92b2-dc51fd46ec99</DeckId>
      <Games />
      <Name />
    </Deck>
    <Deck>
      <DeckId>529cd58f-f49e-4e7c-aa58-dfc2c205c37a</DeckId>
      <Games />
      <Name />
    </Deck>
    <Deck>
      <DeckId>f600bded-a5e0-4675-b453-a44dff8ba2ea</DeckId>
      <Games />
      <Name />
    </Deck>
    <Deck>
      <DeckId>bd4782b8-385e-49b5-aa91-b58bab10bfbc</DeckId>
      <Games />
      <Name />
    </Deck>
    <Deck>
      <DeckId>761d10d3-0ec3-4157-a6e3-1400f2027cb5</DeckId>
      <Games />
      <Name />
    </Deck>
    <Deck>
      <DeckId>5bf8c216-46bf-4141-a883-8334be7457c5</DeckId>
      <Games />
      <Name />
    </Deck>
    <Deck>
      <DeckId>78c17c9a-8b73-4d65-bfd6-f6540d32b649</DeckId>
      <Games />
      <Name />
    </Deck>
    <Deck>
      <DeckId>71ec46eb-a1ca-497d-85ff-de342ed439d2</DeckId>
      <Games />
      <Name />
    </Deck>
    <Deck>
      <DeckId>dce464d2-83a8-4216-a238-bcb282ed6a89</DeckId>
      <Games />
      <Name>Marin priest</Name>
    </Deck>
    <Deck>
      <DeckId>e7789a7b-73bd-4c3c-a144-3fb306f218f1</DeckId>
      <Games />
      <Name />
    </Deck>
    <Deck>
      <DeckId>ccce176f-6112-4e14-87e9-613b73b3eeb8</DeckId>
      <Games />
      <Name />
    </Deck>
    <Deck>
      <DeckId>add2f83f-71aa-463a-9eca-fe1a852fbd67</DeckId>
      <Games />
      <Name />
    </Deck>
    <Deck>
      <DeckId>8797f392-0fab-466d-a701-a5d7bed25714</DeckId>
      <Games />
      <Name />
    </Deck>
    <Deck>
      <DeckId>2967b299-efe0-466e-be0d-759ff4b70ef6</DeckId>
      <Games />
      <Name>Token Druid</Name>
    </Deck>
    <Deck>
      <DeckId>1bbbc3d4-624a-433f-bce8-cb950a76bcbf</DeckId>
      <Games />
      <Name>Custom Rogue</Name>
    </Deck>
    <Deck>
      <DeckId>f0887ad8-6817-4256-be2d-edc5c8fc5497</DeckId>
      <Games />
      <Name>Shuffle Rogue</Name>
    </Deck>
    <Deck>
      <DeckId>15a714e2-52ba-47de-810f-326aa707b798</DeckId>
      <Games />
    </Deck>
    <Deck>
      <DeckId>fd5498fd-c6c2-42c9-b291-74cc6a509357</DeckId>
      <Games />
      <Name />
    </Deck>
    <Deck>
      <DeckId>48306182-f6ec-414d-b120-d3ae5a5c736d</DeckId>
      <Games />
      <Name>Use no deck</Name>
    </Deck>
    <Deck>
      <DeckId>378f379a-e7e1-4478-8490-30f20b1dd93c</DeckId>
      <Games />
      <Name />
    </Deck>
    <Deck>
      <DeckId>29ca9457-04a6-48e5-9f67-1770e0ec198c</DeckId>
      <Games />
      <Name>Mazzo Druido3</Name>
    </Deck>
    <Deck>
      <DeckId>60f5f08d-870c-4a30-9413-a9092b2d7a07</DeckId>
      <Games />
      <Name />
    </Deck>
    <Deck>
      <DeckId>c8ba20fd-0e57-4348-aa40-7ac31f6cc562</DeckId>
      <Games />
      <Name />
    </Deck>
    <Deck>
      <DeckId>99cd6391-ac73-465d-a652-65305d1dc90f</DeckId>
      <Games />
      <Name />
    </Deck>
    <Deck>
      <DeckId>1361f42a-12c3-4c6e-92f7-5ed051f6a87b</DeckId>
      <Games />
      <Name>Aggro Mage 2.0</Name>
    </Deck>
    <Deck>
      <DeckId>0bc31309-5429-4a82-b766-07316f0926af</DeckId>
      <Games />
      <Name />
    </Deck>
    <Deck>
      <DeckId>cc42c7b6-e071-4bc8-b8e1-e4b288605d7c</DeckId>
      <Games />
      <Name>Hadronox Druid</Name>
    </Deck>
    <Deck>
      <DeckId>8090545a-ab3b-4e9b-852e-6c7c66d206c4</DeckId>
      <Games />
      <Name />
    </Deck>
    <Deck>
      <DeckId>ffa93baf-df9b-4ef9-b7fc-faa520ad1f79</DeckId>
      <Games />
      <Name>Custom Druid</Name>
    </Deck>
    <Deck>
      <DeckId>b55e96fb-6612-4769-8b7b-d8745f35cd92</DeckId>
      <Games />
      <Name />
    </Deck>
    <Deck>
      <DeckId>c8024719-17af-47af-afdf-4b82d9a8599e</DeckId>
      <Games />
      <Name />
    </Deck>
    <Deck>
      <DeckId>e2d1ffb7-6a8f-4558-903c-1b67b32ae141</DeckId>
      <Games />
      <Name>Silent Priest</Name>
    </Deck>
    <Deck>
      <DeckId>56102342-0bfb-4947-ae41-d921a66b16a9</DeckId>
      <Games />
      <Name />
    </Deck>
    <Deck>
      <DeckId>508dfe51-858c-4cb5-98c0-3681d6484872</DeckId>
      <Games />
      <Name>Orange's Combo Priest</Name>
    </Deck>
    <Deck>
      <DeckId>d4221603-6984-417a-9a99-51caabdde4d1</DeckId>
      <Games />
      <Name>Orange's Combo Priest</Name>
    </Deck>
    <Deck>
      <DeckId>5936bfcf-0e65-47b0-a2df-1fc277224dd9</DeckId>
      <Games />
      <Name />
    </Deck>
    <Deck>
      <DeckId>0818063f-295e-4f67-9955-b0f257ced7b6</DeckId>
      <Games>
        <Game>
          <GameId>9578ea3f-3898-466a-8078-17a7ea5f7db2</GameId>
          <PlayerHero>Warlock</PlayerHero>
          <OpponentHero>Rogue</OpponentHero>
          <Coin>false</Coin>
          <GameMode>Ranked</GameMode>
          <Result>Loss</Result>
          <Turns>7</Turns>
          <StartTime>2019-01-16T22:19:29.390504+01:00</StartTime>
          <EndTime>2019-01-16T22:25:36.4454212+01:00</EndTime>
          <PlayerName>totti1019#2201</PlayerName>
          <OpponentName>Penki91#2407</OpponentName>
          <ReplayFile>totti1019#2201(Warlock) vs Penki91#2407(Rogue) 2225-160119.hdtreplay</ReplayFile>
          <WasConceded>false</WasConceded>
          <Rank>10</Rank>
          <Stars>1</Stars>
          <OpponentRank>10</OpponentRank>
          <HearthstoneBuild>28329</HearthstoneBuild>
          <PlayerCardbackId>153</PlayerCardbackId>
          <FriendlyPlayerId>1</FriendlyPlayerId>
          <ScenarioId>2</ScenarioId>
          <ServerInfo>
            <Address>37.244.49.224</Address>
            <AuroraPassword>cgoeEB</AuroraPassword>
            <ClientHandle>45357485</ClientHandle>
            <GameHandle>38994690</GameHandle>
            <Mission>2</Mission>
            <Port>1119</Port>
            <Resumable>true</Resumable>
            <SpectatorMode>false</SpectatorMode>
            <SpectatorPassword>fjKkMJ</SpectatorPassword>
            <Version>896000</Version>
          </ServerInfo>
          <GameType>GT_RANKED</GameType>
          <RankedSeasonId>63</RankedSeasonId>
          <OpponentHeroCardId>HERO_03</OpponentHeroCardId>
          <Region>EU</Region>
          <Format>Standard</Format>
          <DeckId>0818063f-295e-4f67-9955-b0f257ced7b6</DeckId>
          <DeckName>Even</DeckName>
          <PlayerDeckVersion>
            <Build>0</Build>
            <Major>1</Major>
            <Minor>0</Minor>
            <Revision>0</Revision>
          </PlayerDeckVersion>
          <HsDeckId>1717527956</HsDeckId>
          <PlayerCards>
            <Card Id="NEW1_021" Count="2" Unconfirmed="1" />
            <Card Id="LOOT_291" Count="2" />
            <Card Id="EX1_058" Count="2" />
            <Card Id="LOOT_013" Count="2" Unconfirmed="1" />
            <Card Id="LOOT_018" Count="2" />
            <Card Id="EX1_043" Count="2" Unconfirmed="1" />
            <Card Id="GIL_692" Count="1" />
            <Card Id="ICC_705" Count="1" />
            <Card Id="EX1_066" Count="1" />
            <Card Id="EX1_048" Count="2" Unconfirmed="1" />
            <Card Id="CS2_064" Count="1" />
            <Card Id="ICC_041" Count="2" Unconfirmed="2" />
            <Card Id="LOOT_413" Count="2" Unconfirmed="2" />
            <Card Id="LOOT_043" Count="2" Unconfirmed="2" />
            <Card Id="CS2_062" Count="2" Unconfirmed="2" />
            <Card Id="ICC_314" Count="1" Unconfirmed="1" />
            <Card Id="ICC_831" Count="1" Unconfirmed="1" />
            <Card Id="EX1_105" Count="2" Unconfirmed="2" />
          </PlayerCards>
          <OpponentCards>
            <Card Id="CS2_073" Count="1" />
            <Card Id="GIL_534" Count="1" />
            <Card Id="EX1_116" Count="1" />
            <Card Id="ICC_029" Count="1" />
            <Card Id="UNG_064" Count="2" />
          </OpponentCards>
        </Game>
        <Game>
          <GameId>99546beb-5008-4a7a-83a7-e9043c7eb0c5</GameId>
          <PlayerHero>Warlock</PlayerHero>
          <OpponentHero>Warrior</OpponentHero>
          <Coin>true</Coin>
          <GameMode>Ranked</GameMode>
          <Result>Loss</Result>
          <Turns>23</Turns>
          <StartTime>2019-01-16T22:25:58.2003141+01:00</StartTime>
          <EndTime>2019-01-16T22:39:03.0297809+01:00</EndTime>
          <PlayerName>totti1019#2201</PlayerName>
          <OpponentName>Benichaste#2944</OpponentName>
          <ReplayFile>totti1019#2201(Warlock) vs Benichaste#2944(Warrior) 2239-160119.hdtreplay</ReplayFile>
          <WasConceded>true</WasConceded>
          <Rank>10</Rank>
          <OpponentRank>10</OpponentRank>
          <HearthstoneBuild>28329</HearthstoneBuild>
          <PlayerCardbackId>153</PlayerCardbackId>
          <OpponentCardbackId>139</OpponentCardbackId>
          <FriendlyPlayerId>2</FriendlyPlayerId>
          <ScenarioId>2</ScenarioId>
          <ServerInfo>
            <Address>37.244.49.220</Address>
            <AuroraPassword>HBcdMn</AuroraPassword>
            <ClientHandle>45357485</ClientHandle>
            <GameHandle>4391573</GameHandle>
            <Mission>2</Mission>
            <Port>1119</Port>
            <Resumable>true</Resumable>
            <SpectatorMode>false</SpectatorMode>
            <SpectatorPassword>EKDjHA</SpectatorPassword>
            <Version>896000</Version>
          </ServerInfo>
          <GameType>GT_RANKED</GameType>
          <RankedSeasonId>63</RankedSeasonId>
          <OpponentHeroCardId>HERO_01</OpponentHeroCardId>
          <Region>EU</Region>
          <Format>Standard</Format>
          <DeckId>0818063f-295e-4f67-9955-b0f257ced7b6</DeckId>
          <DeckName>Even</DeckName>
          <PlayerDeckVersion>
            <Build>0</Build>
            <Major>1</Major>
            <Minor>0</Minor>
            <Revision>0</Revision>
          </PlayerDeckVersion>
          <HsDeckId>1717527956</HsDeckId>
          <PlayerCards>
            <Card Id="GIL_692" Count="1" />
            <Card Id="EX1_048" Count="2" />
            <Card Id="LOOT_018" Count="2" />
            <Card Id="ICC_831" Count="1" />
            <Card Id="CS2_062" Count="2" />
            <Card Id="NEW1_021" Count="2" />
            <Card Id="LOOT_043" Count="2" />
            <Card Id="EX1_058" Count="2" />
            <Card Id="EX1_043" Count="2" />
            <Card Id="CS2_064" Count="1" />
            <Card Id="ICC_314" Count="1" />
            <Card Id="EX1_066" Count="1" />
            <Card Id="LOOT_413" Count="2" />
            <Card Id="EX1_105" Count="2" />
            <Card Id="LOOT_013" Count="2" />
            <Card Id="ICC_041" Count="2" />
            <Card Id="LOOT_291" Count="2" />
            <Card Id="ICC_705" Count="1" />
          </PlayerCards>
          <OpponentCards>
            <Card Id="BOT_299" Count="2" />
            <Card Id="EX1_410" Count="2" />
            <Card Id="BOT_059" Count="1" />
            <Card Id="LOOT_364" Count="1" />
            <Card Id="UNG_928" Count="1" />
            <Card Id="UNG_072" Count="2" />
            <Card Id="CS2_203" Count="1" />
            <Card Id="UNG_946" Count="1" />
            <Card Id="EX1_606" Count="2" />
            <Card Id="BOT_406" Count="1" />
            <Card Id="UNG_957" Count="2" />
            <Card Id="BOT_104" Count="2" />
            <Card Id="TRL_526" Count="1" />
            <Card Id="EX1_005" Count="1" />
            <Card Id="EX1_407" Count="1" />
            <Card Id="EX1_564" Count="1" />
            <Card Id="BOT_238" Count="1" />
          </OpponentCards>
        </Game>
        <Game>
          <GameId>e57620af-973d-49e0-a8c4-d7e6c7061131</GameId>
          <PlayerHero>Warlock</PlayerHero>
          <OpponentHero>Rogue</OpponentHero>
          <Coin>true</Coin>
          <GameMode>Ranked</GameMode>
          <Result>Win</Result>
          <Turns>9</Turns>
          <StartTime>2019-01-16T22:39:30.6407021+01:00</StartTime>
          <EndTime>2019-01-16T22:48:01.552679+01:00</EndTime>
          <PlayerName>totti1019#2201</PlayerName>
          <OpponentName>Otricala#21876</OpponentName>
          <ReplayFile>totti1019#2201(Warlock) vs Otricala#21876(Rogue) 2248-160119.hdtreplay</ReplayFile>
          <WasConceded>true</WasConceded>
          <Rank>10</Rank>
          <OpponentRank>10</OpponentRank>
          <HearthstoneBuild>28329</HearthstoneBuild>
          <PlayerCardbackId>153</PlayerCardbackId>
          <OpponentCardbackId>1</OpponentCardbackId>
          <FriendlyPlayerId>1</FriendlyPlayerId>
          <ScenarioId>2</ScenarioId>
          <ServerInfo>
            <Address>37.244.49.193</Address>
            <AuroraPassword>DBDPpE</AuroraPassword>
            <ClientHandle>45357485</ClientHandle>
            <GameHandle>12321587</GameHandle>
            <Mission>2</Mission>
            <Port>1119</Port>
            <Resumable>true</Resumable>
            <SpectatorMode>false</SpectatorMode>
            <SpectatorPassword>APljKg</SpectatorPassword>
            <Version>896000</Version>
          </ServerInfo>
          <GameType>GT_RANKED</GameType>
          <RankedSeasonId>63</RankedSeasonId>
          <OpponentHeroCardId>HERO_03a</OpponentHeroCardId>
          <Region>EU</Region>
          <Format>Standard</Format>
          <DeckId>0818063f-295e-4f67-9955-b0f257ced7b6</DeckId>
          <DeckName>Even</DeckName>
          <PlayerDeckVersion>
            <Build>0</Build>
            <Major>1</Major>
            <Minor>0</Minor>
            <Revision>0</Revision>
          </PlayerDeckVersion>
          <HsDeckId>1717527956</HsDeckId>
          <PlayerCards>
            <Card Id="CS2_064" Count="1" />
            <Card Id="NEW1_021" Count="2" Unconfirmed="1" />
            <Card Id="ICC_831" Count="1" />
            <Card Id="EX1_058" Count="2" />
            <Card Id="LOOT_018" Count="2" Unconfirmed="1" />
            <Card Id="ICC_314" Count="1" />
            <Card Id="LOOT_413" Count="2" Unconfirmed="1" />
            <Card Id="CS2_062" Count="2" Unconfirmed="1" />
            <Card Id="ICC_041" Count="2" />
            <Card Id="EX1_043" Count="2" Unconfirmed="1" />
            <Card Id="LOOT_043" Count="2" />
            <Card Id="LOOT_291" Count="2" Unconfirmed="1" />
            <Card Id="ICC_705" Count="1" />
            <Card Id="GIL_692" Count="1" />
            <Card Id="EX1_066" Count="1" Unconfirmed="1" />
            <Card Id="LOOT_013" Count="2" Unconfirmed="2" />
            <Card Id="EX1_048" Count="2" Unconfirmed="2" />
            <Card Id="EX1_105" Count="2" Unconfirmed="2" />
          </PlayerCards>
          <OpponentCards>
            <Card Id="UNG_856" Count="1" />
            <Card Id="CS2_074" Count="1" />
            <Card Id="BOT_083" Count="1" />
            <Card Id="GIL_902" Count="1" />
            <Card Id="NEW1_022" Count="1" />
            <Card Id="GIL_672" Count="1" />
            <Card Id="BOT_087" Count="1" />
            <Card Id="NEW1_004" Count="2" />
          </OpponentCards>
        </Game>
        <Game>
          <GameId>3c6e4ae4-8a88-460e-81f8-852ccfabed76</GameId>
          <PlayerHero>Warlock</PlayerHero>
          <OpponentHero>Warrior</OpponentHero>
          <Coin>true</Coin>
          <GameMode>Ranked</GameMode>
          <Result>Loss</Result>
          <Turns>18</Turns>
          <StartTime>2019-01-16T22:49:49.793096+01:00</StartTime>
          <EndTime>2019-01-16T22:59:59.0757192+01:00</EndTime>
          <PlayerName>totti1019#2201</PlayerName>
          <OpponentName>oremanam#2205</OpponentName>
          <ReplayFile>totti1019#2201(Warlock) vs oremanam#2205(Warrior) 2259-160119.hdtreplay</ReplayFile>
          <WasConceded>false</WasConceded>
          <Rank>10</Rank>
          <Stars>1</Stars>
          <OpponentRank>10</OpponentRank>
          <HearthstoneBuild>28329</HearthstoneBuild>
          <PlayerCardbackId>153</PlayerCardbackId>
          <OpponentCardbackId>143</OpponentCardbackId>
          <FriendlyPlayerId>1</FriendlyPlayerId>
          <ScenarioId>2</ScenarioId>
          <ServerInfo>
            <Address>37.244.49.185</Address>
            <AuroraPassword>AHpLDA</AuroraPassword>
            <ClientHandle>45357485</ClientHandle>
            <GameHandle>45810065</GameHandle>
            <Mission>2</Mission>
            <Port>1119</Port>
            <Resumable>true</Resumable>
            <SpectatorMode>false</SpectatorMode>
            <SpectatorPassword>lkJbLd</SpectatorPassword>
            <Version>896000</Version>
          </ServerInfo>
          <GameType>GT_RANKED</GameType>
          <RankedSeasonId>63</RankedSeasonId>
          <OpponentHeroCardId>HERO_01</OpponentHeroCardId>
          <Region>EU</Region>
          <Format>Standard</Format>
          <DeckId>0818063f-295e-4f67-9955-b0f257ced7b6</DeckId>
          <DeckName>Even</DeckName>
          <PlayerDeckVersion>
            <Build>0</Build>
            <Major>1</Major>
            <Minor>0</Minor>
            <Revision>0</Revision>
          </PlayerDeckVersion>
          <HsDeckId>1717527956</HsDeckId>
          <PlayerCards>
            <Card Id="LOOT_018" Count="2" Unconfirmed="1" />
            <Card Id="ICC_314" Count="1" />
            <Card Id="LOOT_043" Count="2" />
            <Card Id="LOOT_013" Count="2" />
            <Card Id="ICC_041" Count="2" />
            <Card Id="NEW1_021" Count="2" />
            <Card Id="CS2_064" Count="1" />
            <Card Id="EX1_058" Count="2" />
            <Card Id="EX1_048" Count="2" Unconfirmed="1" />
            <Card Id="EX1_043" Count="2" />
            <Card Id="CS2_062" Count="2" />
            <Card Id="EX1_105" Count="2" Unconfirmed="1" />
            <Card Id="LOOT_291" Count="2" />
            <Card Id="ICC_831" Count="1" />
            <Card Id="LOOT_413" Count="2" Unconfirmed="1" />
            <Card Id="ICC_705" Count="1" />
            <Card Id="EX1_066" Count="1" />
            <Card Id="GIL_692" Count="1" />
          </PlayerCards>
          <OpponentCards>
            <Card Id="EX1_410" Count="1" />
            <Card Id="UNG_934" Count="1" />
            <Card Id="GIL_580" Count="2" />
            <Card Id="LOOT_364" Count="1" />
            <Card Id="UNG_928" Count="2" />
            <Card Id="GIL_207" Count="1" />
            <Card Id="EX1_606" Count="2" />
            <Card Id="BOT_406" Count="1" />
            <Card Id="UNG_957" Count="1" />
            <Card Id="BOT_104" Count="1" />
            <Card Id="GIL_623" Count="2" />
            <Card Id="EX1_407" Count="2" />
            <Card Id="BOT_548" Count="1" />
            <Card Id="TRL_550" Count="2" />
            <Card Id="GIL_826" Count="1" />
            <Card Id="TRL_542" Count="1" />
          </OpponentCards>
        </Game>
      </Games>
      <Name>Even</Name>
    </Deck>
    <Deck>
      <DeckId>955a8c08-8004-497a-8e4a-f3766a6462f8</DeckId>
      <Games />
      <Name />
    </Deck>
    <Deck>
      <DeckId>7cbeab8d-0a30-4088-b392-eafb02d4a747</DeckId>
      <Games />
      <Name>Pirate Rogue</Name>
    </Deck>
    <Deck>
      <DeckId>f2051ad1-6e7f-4b5f-a69a-818d27004b6e</DeckId>
      <Games />
      <Name />
    </Deck>
    <Deck>
      <DeckId>23d0a7a2-223d-4170-8427-80b16591cccf</DeckId>
      <Games />
      <Name />
    </Deck>
    <Deck>
      <DeckId>e1045873-3a9a-4991-9660-7bef0e5c11cb</DeckId>
      <Games />
      <Name>F2P Warrior</Name>
    </Deck>
    <Deck>
      <DeckId>9d0fa7f6-fb1f-4c71-8c80-323feb1fc244</DeckId>
      <Games />
      <Name />
    </Deck>
    <Deck>
      <DeckId>7173f87c-0ba1-4e13-ac27-10b0e354727b</DeckId>
      <Games />
      <Name>Mazzo Stregone2</Name>
    </Deck>
    <Deck>
      <DeckId>07366409-4908-41d0-bd65-cced2ef8c606</DeckId>
      <Games />
      <Name />
    </Deck>
    <Deck>
      <DeckId>f69099f2-9659-4bf2-9868-2bf2ad90060f</DeckId>
      <Games />
      <Name />
    </Deck>
    <Deck>
      <DeckId>13e1ac82-d385-4957-9c31-7a4a46c9d366</DeckId>
      <Games />
      <Name>Highlander Priest #4997</Name>
    </Deck>
    <Deck>
      <DeckId>8450c4b7-805a-4eaf-a49a-39eeaca273f4</DeckId>
      <Games />
      <Name>Arena 10-03 14:53</Name>
    </Deck>
    <Deck>
      <DeckId>6603321b-b21d-40d6-a53f-ffe380a2cd22</DeckId>
      <Games />
      <Name>Even</Name>
    </Deck>
    <Deck>
      <DeckId>c91e899a-f7eb-49e1-90af-cdaf56c0e4ce</DeckId>
      <Games />
      <Name>Big priest</Name>
    </Deck>
    <Deck>
      <DeckId>3cc8fae5-a6cb-4b97-bf11-0c6db2aac988</DeckId>
      <Games />
      <Name />
    </Deck>
    <Deck>
      <DeckId>c6af7710-0313-4bfd-8330-c3074342c7a0</DeckId>
      <Games />
      <Name />
    </Deck>
    <Deck>
      <DeckId>438f1cba-ce1c-4f46-af56-2aadc6300e50</DeckId>
      <Games />
      <Name />
    </Deck>
    <Deck>
      <DeckId>09850430-c1aa-4434-98ae-6aa1ff71bdae</DeckId>
      <Games />
      <Name>Arena 13-02 22:39</Name>
    </Deck>
    <Deck>
      <DeckId>0dcab15e-17cd-4118-96bc-c254fa8c13f7</DeckId>
      <Games />
      <Name />
    </Deck>
    <Deck>
      <DeckId>315b6a32-d69b-4359-8f8c-3b2ff310360c</DeckId>
      <Games />
      <Name />
    </Deck>
    <Deck>
      <DeckId>80d3bd6f-f922-498c-ac63-a8ee224472ec</DeckId>
      <Games />
      <Name>Face Hunter</Name>
    </Deck>
    <Deck>
      <DeckId>9d12c184-aac6-4f50-80c8-c6087c35443d</DeckId>
      <Games />
      <Name />
    </Deck>
    <Deck>
      <DeckId>3f033f0e-a5bd-476f-acc7-5dd99659ceb8</DeckId>
      <Games />
      <Name />
    </Deck>
    <Deck>
      <DeckId>45400ec1-b71b-4404-93a0-885e96506c7f</DeckId>
      <Games />
      <Name />
    </Deck>
    <Deck>
      <DeckId>f276a141-5349-4187-ad3e-df8e5a981497</DeckId>
      <Games />
      <Name>Arena 08-03 21:35</Name>
    </Deck>
    <Deck>
      <DeckId>9abe63ad-4bf2-4e69-8a20-a7754aed144f</DeckId>
      <Games />
      <Name>Spitefull</Name>
    </Deck>
    <Deck>
      <DeckId>92d38185-b5d7-4a57-8568-76c62e6c8cce</DeckId>
      <Games />
      <Name />
    </Deck>
    <Deck>
      <DeckId>a2bc19a5-9d09-4383-a306-c768e9e5b833</DeckId>
      <Games />
      <Name>Prince Keleseth Zoolock</Name>
    </Deck>
    <Deck>
      <DeckId>31b9b3fd-74bf-4c1e-baf2-d7f1f9d0a028</DeckId>
      <Games />
      <Name />
    </Deck>
    <Deck>
      <DeckId>7ddae289-7ec1-4e13-8546-a5e92d7b77fe</DeckId>
      <Games />
      <Name />
    </Deck>
    <Deck>
      <DeckId>49253c3f-99f6-49d5-bd7d-aca1cef97f89</DeckId>
      <Games />
      <Name>Big spell Priest</Name>
    </Deck>
    <Deck>
      <DeckId>faea01af-f7fa-4e82-af9e-e98ee3ef3995</DeckId>
      <Games />
      <Name />
    </Deck>
    <Deck>
      <DeckId>5c86f246-1dfc-4700-8e14-969f60ad719e</DeckId>
      <Games />
      <Name>Silent Priest</Name>
    </Deck>
    <Deck>
      <DeckId>43cc89e2-e61c-4811-b975-64f6cd5227d7</DeckId>
      <Games />
      <Name>Custom Hunter</Name>
    </Deck>
    <Deck>
      <DeckId>cbe315d1-799a-48c8-9f1d-224b9f8f63f7</DeckId>
      <Games />
      <Name>Evocazione Totemica</Name>
    </Deck>
    <Deck>
      <DeckId>fc203830-f5ad-4602-b30e-d2159eb298cf</DeckId>
      <Games />
      <Name />
    </Deck>
    <Deck>
      <DeckId>6b0ae205-3c0e-4100-9228-ab18e78c6ef0</DeckId>
      <Games />
      <Name>New KingsMill</Name>
    </Deck>
    <Deck>
      <DeckId>8fa2d5f7-2366-42d7-8542-5ead56f36a50</DeckId>
      <Games />
      <Name />
    </Deck>
    <Deck>
      <DeckId>64dfbc65-a860-4afa-a79d-ea63f43459d3</DeckId>
      <Games />
      <Name>Custom Warlock</Name>
    </Deck>
    <Deck>
      <DeckId>7b3e95dc-fbf9-4d54-8bd6-2e81ade40d18</DeckId>
      <Games />
      <Name />
    </Deck>
    <Deck>
      <DeckId>caff4e57-1d87-4b34-82ac-b9f81c0a5d55</DeckId>
      <Games />
      <Name>Boom Warrior</Name>
    </Deck>
    <Deck>
      <DeckId>48344fdd-601a-45d1-ade8-9a64a5e82828</DeckId>
      <Games />
      <Name>Mazzo Druido2</Name>
    </Deck>
    <Deck>
      <DeckId>d3d73b0f-22fe-4d17-a2cd-77f2462aeff7</DeckId>
      <Games />
      <Name />
    </Deck>
    <Deck>
      <DeckId>8aa17e85-1fb3-403f-80ae-4978d6ae202d</DeckId>
      <Games />
      <Name>Mind Blast</Name>
    </Deck>
    <Deck>
      <DeckId>50c3f514-1360-4f97-b403-cdb6f31ab45c</DeckId>
      <Games />
      <Name>Agr Paladin Silver hand</Name>
    </Deck>
    <Deck>
      <DeckId>8a246833-00d1-476a-bca4-b3ff2a5213d9</DeckId>
      <Games />
      <Name />
    </Deck>
    <Deck>
      <DeckId>bfb215a5-77df-42a4-98c4-80410cb6b9bd</DeckId>
      <Games />
      <Name>Custom Mage</Name>
    </Deck>
    <Deck>
      <DeckId>7ece3610-e100-4ae4-a570-b0cd57641a5c</DeckId>
      <Games />
      <Name>Rovina del RE</Name>
    </Deck>
    <Deck>
      <DeckId>57618f6d-1dcb-47db-b0e5-4416ea565778</DeckId>
      <Games />
      <Name>Arena 17-03 10:28</Name>
    </Deck>
    <Deck>
      <DeckId>93295212-c31f-40f4-a341-e882dfd2cddf</DeckId>
      <Games />
      <Name>Aggro Paladin</Name>
    </Deck>
    <Deck>
      <DeckId>87184931-094b-4c99-9dc9-297a33e32552</DeckId>
      <Games />
      <Name />
    </Deck>
    <Deck>
      <DeckId>4dd8d3de-56c3-4942-bbb4-89a0e9658c84</DeckId>
      <Games />
      <Name>Custom Mage</Name>
    </Deck>
    <Deck>
      <DeckId>d1366181-dbc4-4ee9-a2fc-b9e64e7012c8</DeckId>
      <Games />
      <Name>Face Hunter</Name>
    </Deck>
    <Deck>
      <DeckId>9f2cda7c-20d1-447a-8a75-128c0bf8e22f</DeckId>
      <Games />
      <Name />
    </Deck>
    <Deck>
      <DeckId>0c44f9fc-5a5f-421f-80a9-30f398d18180</DeckId>
      <Games />
      <Name />
    </Deck>
    <Deck>
      <DeckId>59dddcc7-bab0-47ae-81f8-72fb95e996ed</DeckId>
      <Games />
      <Name>Boh</Name>
    </Deck>
    <Deck>
      <DeckId>c5853120-2065-4dc2-a21a-803a84b843e7</DeckId>
      <Games />
      <Name>Agr Paladin Silver hand</Name>
    </Deck>
    <Deck>
      <DeckId>7cf3c4fe-8a65-4c6d-8512-23093d45d68e</DeckId>
      <Games />
      <Name />
    </Deck>
    <Deck>
      <DeckId>0ffa0d8d-88c4-470c-930f-d9c1c49b207f</DeckId>
      <Games />
      <Name />
    </Deck>
    <Deck>
      <DeckId>317400f8-df9b-49fa-9224-d76fa44cc594</DeckId>
      <Games />
      <Name />
    </Deck>
    <Deck>
      <DeckId>348213f1-33a4-4086-ba51-65027d0d4882</DeckId>
      <Games>
        <Game>
          <GameId>20c1dc62-d822-44a8-a01a-216edd03ed7c</GameId>
          <PlayerHero>Warrior</PlayerHero>
          <OpponentHero>Mage</OpponentHero>
          <Coin>false</Coin>
          <GameMode>Casual</GameMode>
          <Result>Win</Result>
          <Turns>8</Turns>
          <StartTime>2019-01-16T22:08:50.3799554+01:00</StartTime>
          <EndTime>2019-01-16T22:15:23.6169124+01:00</EndTime>
          <PlayerName>totti1019#2201</PlayerName>
          <OpponentName>kacperk1505#2223</OpponentName>
          <ReplayFile>totti1019#2201(Warrior) vs kacperk1505#2223(Mage) 2215-160119.hdtreplay</ReplayFile>
          <WasConceded>true</WasConceded>
          <HearthstoneBuild>28329</HearthstoneBuild>
          <PlayerCardbackId>153</PlayerCardbackId>
          <OpponentCardbackId>153</OpponentCardbackId>
          <FriendlyPlayerId>1</FriendlyPlayerId>
          <ScenarioId>2</ScenarioId>
          <ServerInfo>
            <Address>37.244.49.80</Address>
            <AuroraPassword>aCGjOe</AuroraPassword>
            <ClientHandle>45357485</ClientHandle>
            <GameHandle>28639959</GameHandle>
            <Mission>2</Mission>
            <Port>1119</Port>
            <Resumable>true</Resumable>
            <SpectatorMode>false</SpectatorMode>
            <SpectatorPassword>ABLgco</SpectatorPassword>
            <Version>896000</Version>
          </ServerInfo>
          <GameType>GT_CASUAL</GameType>
          <RankedSeasonId>63</RankedSeasonId>
          <OpponentHeroCardId>HERO_08</OpponentHeroCardId>
          <Region>EU</Region>
          <Format>Standard</Format>
          <DeckId>348213f1-33a4-4086-ba51-65027d0d4882</DeckId>
          <DeckName>Mazzo Guerriero</DeckName>
          <PlayerDeckVersion>
            <Build>0</Build>
            <Major>1</Major>
            <Minor>0</Minor>
            <Revision>0</Revision>
          </PlayerDeckVersion>
          <HsDeckId>1719317578</HsDeckId>
          <PlayerCards>
            <Card Id="GIL_207" Count="2" />
            <Card Id="EX1_407" Count="2" />
            <Card Id="UNG_072" Count="2" />
            <Card Id="EX1_007" Count="2" />
            <Card Id="EX1_410" Count="2" />
            <Card Id="EX1_066" Count="1" />
            <Card Id="UNG_934" Count="1" />
            <Card Id="ICC_064" Count="2" Unconfirmed="1" />
            <Card Id="LOOT_367" Count="2" Unconfirmed="2" />
            <Card Id="CS2_108" Count="2" Unconfirmed="2" />
            <Card Id="ICC_281" Count="1" Unconfirmed="1" />
            <Card Id="GIL_654" Count="2" Unconfirmed="2" />
            <Card Id="UNG_926" Count="2" Unconfirmed="2" />
            <Card Id="EX1_606" Count="2" Unconfirmed="2" />
            <Card Id="ICC_466" Count="1" Unconfirmed="1" />
            <Card Id="BOT_548" Count="1" Unconfirmed="1" />
            <Card Id="TRL_325" Count="1" Unconfirmed="1" />
            <Card Id="TRL_550" Count="2" Unconfirmed="2" />
          </PlayerCards>
          <OpponentCards>
            <Card Id="UNG_809" Count="1" />
            <Card Id="UNG_072" Count="1" />
            <Card Id="TRL_315" Count="1" />
            <Card Id="TRL_316" Count="1" />
            <Card Id="GIL_826" Count="1" />
          </OpponentCards>
        </Game>
      </Games>
      <Name>Mazzo Guerriero</Name>
    </Deck>
    <Deck>
      <DeckId>e075e721-d9e9-4eec-9f6b-fe416c2ccb2d</DeckId>
      <Games />
      <Name />
    </Deck>
    <Deck>
      <DeckId>fe8dd4f8-99f9-4076-be88-78c68bd9f468</DeckId>
      <Games />
      <Name />
    </Deck>
    <Deck>
      <DeckId>959e8f9c-d3ec-4c5c-ab75-6efb332638e0</DeckId>
      <Games />
      <Name />
    </Deck>
    <Deck>
      <DeckId>adf1294c-b89f-47ca-b909-692f4fa480a3</DeckId>
      <Games />
      <Name />
    </Deck>
    <Deck>
      <DeckId>37021455-de02-4a30-b5af-49797eee6e66</DeckId>
      <Games />
      <Name />
    </Deck>
    <Deck>
      <DeckId>c4950632-5c83-466b-be8e-34b168018137</DeckId>
      <Games />
      <Name />
    </Deck>
    <Deck>
      <DeckId>20795756-4ada-4a80-a5b2-b7484285067c</DeckId>
      <Games />
      <Name />
    </Deck>
    <Deck>
      <DeckId>bc7d348f-9bb1-44f5-8c4a-4ecbf3dbda62</DeckId>
      <Games />
      <Name />
    </Deck>
    <Deck>
      <DeckId>527be752-aa55-457d-8322-073701de9c9d</DeckId>
      <Games />
      <Name>Arena 08-03 20:27</Name>
    </Deck>
    <Deck>
      <DeckId>a607cc14-6171-41f2-afba-ecfcc64e0963</DeckId>
      <Games />
      <Name />
    </Deck>
    <Deck>
      <DeckId>97f5f53d-1d40-49d2-a006-1c5fdc1a6f44</DeckId>
      <Games />
      <Name>mind blast new</Name>
    </Deck>
    <Deck>
      <DeckId>dd39656b-a217-460f-aa18-02f39d85917e</DeckId>
      <Games />
      <Name />
    </Deck>
    <Deck>
      <DeckId>adbf8fbe-cddd-4e95-9632-4a9997360044</DeckId>
      <Games />
      <Name>Agr Paladin Silver hand</Name>
    </Deck>
    <Deck>
      <DeckId>5869a924-96dd-4a4c-ba6a-6768c5e7ed14</DeckId>
      <Games />
      <Name />
    </Deck>
    <Deck>
      <DeckId>12b3afa4-f396-4728-a855-ef8e49a0c45d</DeckId>
      <Games />
      <Name />
    </Deck>
    <Deck>
      <DeckId>1c721f1c-f49b-4a17-8a69-04f95b1065b4</DeckId>
      <Games />
      <Name />
    </Deck>
    <Deck>
      <DeckId>bcd7e9df-98c9-4403-b3d1-979caabc1595</DeckId>
      <Games />
      <Name>Custom Mage</Name>
    </Deck>
    <Deck>
      <DeckId>8ba5786a-ed3a-41f0-86db-8be771a0c130</DeckId>
      <Games />
      <Name>Aggro Mage 2.0</Name>
    </Deck>
    <Deck>
      <DeckId>a9375150-e49e-494c-a125-136de7b8a519</DeckId>
      <Games />
      <Name>Aggro Paladin</Name>
    </Deck>
    <Deck>
      <DeckId>7237f58a-0ae5-44f7-9ca6-4f7738acee79</DeckId>
      <Games />
      <Name />
    </Deck>
    <Deck>
      <DeckId>b39e6677-9674-43bf-9b47-b2c4593e2686</DeckId>
      <Games />
      <Name />
    </Deck>
    <Deck>
      <DeckId>008fe6aa-9b91-4895-b7f8-622ff9e5a0cd</DeckId>
      <Games />
      <Name />
    </Deck>
    <Deck>
      <DeckId>c6e5182f-73da-476e-98ff-2f691c13c009</DeckId>
      <Games />
      <Name />
    </Deck>
    <Deck>
      <DeckId>9b5f31c8-3d4d-4a4e-956f-cee86bf4fc16</DeckId>
      <Games />
      <Name>quest warrior</Name>
    </Deck>
    <Deck>
      <DeckId>a412e758-e7d8-40ae-a51e-3b69849c5cf7</DeckId>
      <Games />
      <Name />
    </Deck>
    <Deck>
      <DeckId>122a9830-75ab-46b2-b163-b031c2cd96bb</DeckId>
      <Games />
      <Name />
    </Deck>
    <Deck>
      <DeckId>14719547-4d8d-4980-99aa-2999a665c4fd</DeckId>
      <Games />
      <Name />
    </Deck>
    <Deck>
      <DeckId>ffac3259-cea3-4699-ad5f-da68666d5533</DeckId>
      <Games />
      <Name>Dragon priest</Name>
    </Deck>
    <Deck>
      <DeckId>0170483f-16d4-4d71-9793-d11bb9c1dec1</DeckId>
      <Games />
      <Name />
    </Deck>
    <Deck>
      <DeckId>990e8f77-23ed-43cb-bbcc-6683bfb0694e</DeckId>
      <Games />
      <Name />
    </Deck>
    <Deck>
      <DeckId>4862a0e4-d8af-4d40-8865-a5528233bf90</DeckId>
      <Games />
      <Name>Aggro Mage</Name>
    </Deck>
    <Deck>
      <DeckId>93e09545-b2ca-4762-ba98-e487f6a7181e</DeckId>
      <Games />
      <Name>Aggro token druid</Name>
    </Deck>
    <Deck>
      <DeckId>1e7f9510-7024-4383-838a-acf8c5618a96</DeckId>
      <Games />
      <Name />
    </Deck>
    <Deck>
      <DeckId>72fbf960-4bee-49d1-9ea2-4b88fb9084de</DeckId>
      <Games />
      <Name>Custom Priest</Name>
    </Deck>
    <Deck>
      <DeckId>97b7e098-2b61-467a-850f-0f771bd817bb</DeckId>
      <Games />
      <Name />
    </Deck>
    <Deck>
      <DeckId>1d5b7e1b-8d6d-4a79-a320-aa8e37a0f1ed</DeckId>
      <Games />
      <Name>Aggro Mage</Name>
    </Deck>
    <Deck>
      <DeckId>208acedd-0163-43ba-8d43-2afd66f67b2a</DeckId>
      <Games />
      <Name />
    </Deck>
    <Deck>
      <DeckId>c4dcbcd5-f3dd-49b1-bacb-7187a8b8eeb4</DeckId>
      <Games />
      <Name>Agr Paladin Silver hand</Name>
    </Deck>
    <Deck>
      <DeckId>f4a0ba36-9d4f-4c63-b32b-c1eb7225a190</DeckId>
      <Games />
      <Name />
    </Deck>
    <Deck>
      <DeckId>5b8bd373-162e-49d7-8f31-381eaf01ab48</DeckId>
      <Games />
      <Name />
    </Deck>
    <Deck>
      <DeckId>5a71ee99-5646-4fe3-9835-540d8bd2d2e8</DeckId>
      <Games />
      <Name />
    </Deck>
    <Deck>
      <DeckId>cf7d96e6-b3e0-4bc4-ba48-910e00766989</DeckId>
      <Games />
      <Name />
    </Deck>
    <Deck>
      <DeckId>7619796d-b1e8-41b2-8d39-f6cc6dc43e78</DeckId>
      <Games />
      <Name />
    </Deck>
    <Deck>
      <DeckId>1593aea0-9729-44cc-b998-ca8489370b1d</DeckId>
      <Games />
      <Name>Custom Warlock</Name>
    </Deck>
    <Deck>
      <DeckId>98c74502-a6a6-4d4d-a4aa-9c1c6ec05982</DeckId>
      <Games />
      <Name>Malygos Druido</Name>
    </Deck>
    <Deck>
      <DeckId>4c938a82-7bc9-4223-8cf2-f86ea5687369</DeckId>
      <Games />
      <Name />
    </Deck>
    <Deck>
      <DeckId>6cd8ce92-16ca-4134-ae07-b75dca3e6265</DeckId>
      <Games />
      <Name>Even Warlock</Name>
    </Deck>
    <Deck>
      <DeckId>176ad609-1978-450e-bbab-202ab8a7c5f1</DeckId>
      <Games />
      <Name />
    </Deck>
    <Deck>
      <DeckId>f4a692d0-2980-4deb-88fd-d22e412338af</DeckId>
      <Games />
      <Name />
    </Deck>
    <Deck>
      <DeckId>e8a8a552-09e5-4df5-9f55-748c1b07a971</DeckId>
      <Games />
      <Name>rez</Name>
    </Deck>
    <Deck>
      <DeckId>f89c5f3b-8be6-4c23-950b-6903f47fcc97</DeckId>
      <Games />
      <Name>Merda Warlock</Name>
    </Deck>
    <Deck>
      <DeckId>63f88e6f-9e09-4f3a-a870-dc6b5e483f0c</DeckId>
      <Games />
      <Name>Control Warlock</Name>
    </Deck>
    <Deck>
      <DeckId>b58b5189-30fb-4874-8886-91ca9ba9d5ac</DeckId>
      <Games />
      <Name />
    </Deck>
    <Deck>
      <DeckId>0a709472-a46d-4b2d-9ef2-cb4f69ca7c0a</DeckId>
      <Games />
      <Name>Combo Dragon Anduin</Name>
    </Deck>
    <Deck>
      <DeckId>3a24ac78-ac9a-4e6c-9d17-fbc990c520b7</DeckId>
      <Games />
      <Name />
    </Deck>
    <Deck>
      <DeckId>eed28755-7612-4aa5-bd83-667f002177a4</DeckId>
      <Games />
      <Name />
    </Deck>
    <Deck>
      <DeckId>d9ef7e42-283e-4abb-ad9a-7ed52c395d89</DeckId>
      <Games />
      <Name>Custom Warlock</Name>
    </Deck>
    <Deck>
      <DeckId>1f78c39e-9918-4f2f-8c17-d587f0f2401d</DeckId>
      <Games />
      <Name>zerek</Name>
    </Deck>
    <Deck>
      <DeckId>ae2d08a1-78de-4a68-8732-5f2a0b09a821</DeckId>
      <Games />
      <Name />
    </Deck>
    <Deck>
      <DeckId>aae7eca9-438c-4045-93b6-9e9954466cf2</DeckId>
      <Games />
      <Name />
    </Deck>
    <Deck>
      <DeckId>bfb3faae-a657-4e85-9d11-6c91927fef2f</DeckId>
      <Games />
      <Name />
    </Deck>
    <Deck>
      <DeckId>fada38b6-c0b7-47b4-b797-ccbbb013943a</DeckId>
      <Games />
      <Name>Brawl 29-03 21:35</Name>
    </Deck>
    <Deck>
      <DeckId>d6f61f20-7980-44c5-b30f-4d0e74a5609c</DeckId>
      <Games />
      <Name />
    </Deck>
    <Deck>
      <DeckId>8979351e-f657-49cb-8a43-2d64a0d5b277</DeckId>
      <Games />
      <Name />
    </Deck>
    <Deck>
      <DeckId>919e4663-ec8c-438a-8d45-2333dbc71d53</DeckId>
      <Games />
      <Name />
    </Deck>
    <Deck>
      <DeckId>2eab0742-c23b-4e01-8f79-20b50de57334</DeckId>
      <Games />
      <Name />
    </Deck>
    <Deck>
      <DeckId>cdb443b2-d90d-43e4-aef1-2ac0ac3b2322</DeckId>
      <Games />
    </Deck>
    <Deck>
      <DeckId>c86a08e9-54ff-4ad5-b189-49b059d6fb14</DeckId>
      <Games />
      <Name />
    </Deck>
    <Deck>
      <DeckId>6092bdc4-fb1d-47d5-a0f3-8a7edfd98dd8</DeckId>
      <Games />
      <Name>Dragon Priest combo</Name>
    </Deck>
    <Deck>
      <DeckId>5c6c9a66-ea77-4ec8-b4f3-b25f88413dbc</DeckId>
      <Games />
      <Name>Dragon Priest 2.0</Name>
    </Deck>
    <Deck>
      <DeckId>3d91a380-43b4-4939-8a62-51c06e3f6215</DeckId>
      <Games />
      <Name />
    </Deck>
    <Deck>
      <DeckId>8a33d9cb-39a9-4123-b242-70b79301260e</DeckId>
      <Games />
      <Name />
    </Deck>
    <Deck>
      <DeckId>1acc00ae-5088-4f94-b97d-d765494c53a6</DeckId>
      <Games />
      <Name>From 10 to 5 in 1 hour! 80% winrate</Name>
    </Deck>
    <Deck>
      <DeckId>d46b2b29-9a5e-4f99-966b-7609e1510f10</DeckId>
      <Games />
      <Name>Mazzo Stregone2</Name>
    </Deck>
    <Deck>
      <DeckId>78b22a12-e8f3-482b-8c16-de3c41c8e9c2</DeckId>
      <Games />
      <Name />
    </Deck>
    <Deck>
      <DeckId>e42889ea-88ff-45fe-b092-91135e40c874</DeckId>
      <Games />
      <Name />
    </Deck>
    <Deck>
      <DeckId>5fcec3df-4f26-48de-93c6-9c8c1bb30948</DeckId>
      <Games />
      <Name>Mazzo Druido</Name>
    </Deck>
    <Deck>
      <DeckId>04340c90-2351-42b0-92e2-324ee9c1b0c3</DeckId>
      <Games />
      <Name />
    </Deck>
    <Deck>
      <DeckId>0f6f83e3-dbb2-4616-9bf6-a2b0e47a5baa</DeckId>
      <Games />
      <Name />
    </Deck>
    <Deck>
      <DeckId>46966ecf-fd50-453a-878c-ba120fe7b9c4</DeckId>
      <Games />
      <Name>Arena 12-03 17:19</Name>
    </Deck>
    <Deck>
      <DeckId>3c5628f8-ffca-4031-86d9-51ed999bbe45</DeckId>
      <Games />
      <Name />
    </Deck>
    <Deck>
      <DeckId>b1f8607f-2efa-4edd-a43d-353c316f46c0</DeckId>
      <Games />
      <Name />
    </Deck>
    <Deck>
      <DeckId>438597bf-7ddd-4663-970c-e4e7d34e16b1</DeckId>
      <Games />
      <Name />
    </Deck>
    <Deck>
      <DeckId>0d9589af-21aa-4458-9998-0ee480b0b559</DeckId>
      <Games />
      <Name />
    </Deck>
  </DeckStats>
</DeckStatsList>