<?xml version="1.0" encoding="utf-8"?>
<Decks xmlns:xsi="http://www.w3.org/2001/XMLSchema-instance" xmlns:xsd="http://www.w3.org/2001/XMLSchema">
  <Tags>
    <Tag>All</Tag>
    <Tag>None</Tag>
    <Tag>Favorite</Tag>
    <Tag>Ranked Deck</Tag>
  </Tags>
  <Deck>
    <Cards>
      <Card>
        <Id>EX1_595</Id>
        <Count>1</Count>
      </Card>
      <Card>
        <Id>TRL_363</Id>
        <Count>1</Count>
      </Card>
      <Card>
        <Id>DAL_732</Id>
        <Count>1</Count>
      </Card>
      <Card>
        <Id>DAL_256</Id>
        <Count>1</Count>
      </Card>
      <Card>
        <Id>EX1_160</Id>
        <Count>2</Count>
      </Card>
      <Card>
        <Id>CS2_011</Id>
        <Count>2</Count>
      </Card>
      <Card>
        <Id>EX1_008</Id>
        <Count>2</Count>
      </Card>
      <Card>
        <Id>EX1_154</Id>
        <Count>2</Count>
      </Card>
      <Card>
        <Id>EX1_162</Id>
        <Count>2</Count>
      </Card>
      <Card>
        <Id>NEW1_019</Id>
        <Count>2</Count>
      </Card>
      <Card>
        <Id>BOT_445</Id>
        <Count>2</Count>
      </Card>
      <Card>
        <Id>TRL_503</Id>
        <Count>2</Count>
      </Card>
      <Card>
        <Id>DAL_350</Id>
        <Count>2</Count>
      </Card>
      <Card>
        <Id>DAL_351</Id>
        <Count>2</Count>
      </Card>
      <Card>
        <Id>DAL_354</Id>
        <Count>2</Count>
      </Card>
      <Card>
        <Id>DAL_733</Id>
        <Count>2</Count>
      </Card>
      <Card>
        <Id>DAL_773</Id>
        <Count>2</Count>
      </Card>
    </Cards>
    <Class>Druid</Class>
    <LastEdited>2019-04-10T21:44:36.5567368+02:00</LastEdited>
    <MissingCards />
    <Url />
    <Version>
      <Build>0</Build>
      <Major>1</Major>
      <Minor>0</Minor>
      <Revision>0</Revision>
    </Version>
    <DeckHistory />
    <Archived>false</Archived>
    <HsId>1765769170</HsId>
    <Note />
    <SelectedVersion>
      <Build>0</Build>
      <Major>1</Major>
      <Minor>0</Minor>
      <Revision>0</Revision>
    </SelectedVersion>
    <IsArenaDeck>false</IsArenaDeck>
    <IsDungeonDeck>false</IsDungeonDeck>
    <DeckId>48344fdd-601a-45d1-ade8-9a64a5e82828</DeckId>
    <Name>Aggro</Name>
    <Tags />
  </Deck>
  <Deck>
    <Cards>
      <Card>
        <Id>EX1_558</Id>
        <Count>1</Count>
      </Card>
      <Card>
        <Id>EX1_391</Id>
        <Count>1</Count>
      </Card>
      <Card>
        <Id>GIL_547</Id>
        <Count>1</Count>
      </Card>
      <Card>
        <Id>GIL_803</Id>
        <Count>1</Count>
      </Card>
      <Card>
        <Id>GIL_815</Id>
        <Count>1</Count>
      </Card>
      <Card>
        <Id>BOT_238</Id>
        <Count>1</Count>
      </Card>
      <Card>
        <Id>BOT_406</Id>
        <Count>1</Count>
      </Card>
      <Card>
        <Id>BOT_548</Id>
        <Count>1</Count>
      </Card>
      <Card>
        <Id>DAL_736</Id>
        <Count>1</Count>
      </Card>
      <Card>
        <Id>DAL_770</Id>
        <Count>1</Count>
      </Card>
      <Card>
        <Id>EX1_407</Id>
        <Count>2</Count>
      </Card>
      <Card>
        <Id>EX1_410</Id>
        <Count>2</Count>
      </Card>
      <Card>
        <Id>CS2_108</Id>
        <Count>2</Count>
      </Card>
      <Card>
        <Id>EX1_606</Id>
        <Count>2</Count>
      </Card>
      <Card>
        <Id>GIL_580</Id>
        <Count>2</Count>
      </Card>
      <Card>
        <Id>GIL_654</Id>
        <Count>2</Count>
      </Card>
      <Card>
        <Id>BOT_042</Id>
        <Count>2</Count>
      </Card>
      <Card>
        <Id>BOT_299</Id>
        <Count>2</Count>
      </Card>
      <Card>
        <Id>BOT_104</Id>
        <Count>2</Count>
      </Card>
      <Card>
        <Id>DAL_058</Id>
        <Count>2</Count>
      </Card>
    </Cards>
    <Class>Warrior</Class>
    <LastEdited>2019-04-11T18:24:20.6169785+02:00</LastEdited>
    <MissingCards />
    <Url />
    <Version>
      <Build>0</Build>
      <Major>1</Major>
      <Minor>0</Minor>
      <Revision>0</Revision>
    </Version>
    <DeckHistory />
    <Archived>false</Archived>
    <HsId>1767657917</HsId>
    <Note />
    <SelectedVersion>
      <Build>0</Build>
      <Major>1</Major>
      <Minor>0</Minor>
      <Revision>0</Revision>
    </SelectedVersion>
    <IsArenaDeck>false</IsArenaDeck>
    <IsDungeonDeck>false</IsDungeonDeck>
    <DeckId>6c5b438c-5d51-4be2-99b3-50346ef25cf0</DeckId>
    <Name>Control warrior</Name>
    <Tags />
  </Deck>
  <Deck>
    <Cards>
      <Card>
        <Id>EX1_621</Id>
        <Count>2</Count>
      </Card>
      <Card>
        <Id>EX1_332</Id>
        <Count>2</Count>
      </Card>
      <Card>
        <Id>CS2_235</Id>
        <Count>2</Count>
      </Card>
      <Card>
        <Id>CS1_129</Id>
        <Count>2</Count>
      </Card>
      <Card>
        <Id>DAL_544</Id>
        <Count>2</Count>
      </Card>
      <Card>
        <Id>CS2_004</Id>
        <Count>2</Count>
      </Card>
      <Card>
        <Id>DAL_735</Id>
        <Count>2</Count>
      </Card>
      <Card>
        <Id>EX1_045</Id>
        <Count>2</Count>
      </Card>
      <Card>
        <Id>GIL_661</Id>
        <Count>1</Count>
      </Card>
      <Card>
        <Id>NEW1_020</Id>
        <Count>2</Count>
      </Card>
      <Card>
        <Id>CS2_236</Id>
        <Count>2</Count>
      </Card>
      <Card>
        <Id>DAL_744</Id>
        <Count>2</Count>
      </Card>
      <Card>
        <Id>DAL_434</Id>
        <Count>2</Count>
      </Card>
      <Card>
        <Id>DAL_065</Id>
        <Count>2</Count>
      </Card>
      <Card>
        <Id>DAL_040</Id>
        <Count>2</Count>
      </Card>
      <Card>
        <Id>TRL_564</Id>
        <Count>1</Count>
      </Card>
    </Cards>
    <Class>Priest</Class>
    <LastEdited>2019-04-11T18:32:58.8019957+02:00</LastEdited>
    <MissingCards />
    <Url />
    <Version>
      <Build>0</Build>
      <Major>1</Major>
      <Minor>0</Minor>
      <Revision>0</Revision>
    </Version>
    <DeckHistory />
    <Archived>false</Archived>
    <HsId>1765463138</HsId>
    <Note />
    <SelectedVersion>
      <Build>0</Build>
      <Major>1</Major>
      <Minor>0</Minor>
      <Revision>0</Revision>
    </SelectedVersion>
    <IsArenaDeck>false</IsArenaDeck>
    <IsDungeonDeck>false</IsDungeonDeck>
    <DeckId>5c86f246-1dfc-4700-8e14-969f60ad719e</DeckId>
    <Name>Silent Priest</Name>
    <Tags />
  </Deck>
  <Deck>
    <Cards>
      <Card>
        <Id>TRL_012</Id>
        <Count>2</Count>
      </Card>
      <Card>
        <Id>CS2_045</Id>
        <Count>1</Count>
      </Card>
      <Card>
        <Id>CS2_039</Id>
        <Count>1</Count>
      </Card>
      <Card>
        <Id>CS2_038</Id>
        <Count>2</Count>
      </Card>
      <Card>
        <Id>TRL_082</Id>
        <Count>2</Count>
      </Card>
      <Card>
        <Id>CS2_053</Id>
        <Count>2</Count>
      </Card>
      <Card>
        <Id>EX1_259</Id>
        <Count>2</Count>
      </Card>
      <Card>
        <Id>TRL_058</Id>
        <Count>2</Count>
      </Card>
      <Card>
        <Id>EX1_246</Id>
        <Count>2</Count>
      </Card>
      <Card>
        <Id>DAL_052</Id>
        <Count>2</Count>
      </Card>
      <Card>
        <Id>DAL_009</Id>
        <Count>2</Count>
      </Card>
      <Card>
        <Id>BOT_548</Id>
        <Count>1</Count>
      </Card>
      <Card>
        <Id>BOT_099</Id>
        <Count>2</Count>
      </Card>
      <Card>
        <Id>NEW1_010</Id>
        <Count>1</Count>
      </Card>
      <Card>
        <Id>DAL_047</Id>
        <Count>2</Count>
      </Card>
      <Card>
        <Id>GIL_504</Id>
        <Count>1</Count>
      </Card>
      <Card>
        <Id>DAL_742</Id>
        <Count>1</Count>
      </Card>
      <Card>
        <Id>EX1_572</Id>
        <Count>1</Count>
      </Card>
      <Card>
        <Id>DAL_553</Id>
        <Count>1</Count>
      </Card>
    </Cards>
    <Class>Shaman</Class>
    <LastEdited>2019-04-11T18:32:58.8029933+02:00</LastEdited>
    <MissingCards />
    <Url />
    <Version>
      <Build>0</Build>
      <Major>1</Major>
      <Minor>0</Minor>
      <Revision>0</Revision>
    </Version>
    <DeckHistory />
    <Archived>false</Archived>
    <HsId>1765470261</HsId>
    <Note />
    <SelectedVersion>
      <Build>0</Build>
      <Major>1</Major>
      <Minor>0</Minor>
      <Revision>0</Revision>
    </SelectedVersion>
    <IsArenaDeck>false</IsArenaDeck>
    <IsDungeonDeck>false</IsDungeonDeck>
    <DeckId>d949a8ea-63f1-4689-b139-df1f4ce1cf9e</DeckId>
    <Name>Super WindFury OTK Shama</Name>
    <Tags />
  </Deck>
  <Deck>
    <Cards>
      <Card>
        <Id>BOT_299</Id>
        <Count>2</Count>
      </Card>
      <Card>
        <Id>BOT_059</Id>
        <Count>2</Count>
      </Card>
      <Card>
        <Id>GIL_580</Id>
        <Count>2</Count>
      </Card>
      <Card>
        <Id>EX1_391</Id>
        <Count>2</Count>
      </Card>
      <Card>
        <Id>EX1_096</Id>
        <Count>2</Count>
      </Card>
      <Card>
        <Id>GIL_654</Id>
        <Count>2</Count>
      </Card>
      <Card>
        <Id>BOT_559</Id>
        <Count>2</Count>
      </Card>
      <Card>
        <Id>DAL_060</Id>
        <Count>2</Count>
      </Card>
      <Card>
        <Id>GIL_113</Id>
        <Count>1</Count>
      </Card>
      <Card>
        <Id>DAL_770</Id>
        <Count>2</Count>
      </Card>
      <Card>
        <Id>DAL_063</Id>
        <Count>2</Count>
      </Card>
      <Card>
        <Id>NEW1_024</Id>
        <Count>1</Count>
      </Card>
      <Card>
        <Id>GIL_547</Id>
        <Count>1</Count>
      </Card>
      <Card>
        <Id>BOT_104</Id>
        <Count>2</Count>
      </Card>
      <Card>
        <Id>EX1_407</Id>
        <Count>2</Count>
      </Card>
      <Card>
        <Id>BOT_548</Id>
        <Count>1</Count>
      </Card>
      <Card>
        <Id>DAL_064</Id>
        <Count>1</Count>
      </Card>
      <Card>
        <Id>BOT_238</Id>
        <Count>1</Count>
      </Card>
    </Cards>
    <Class>Warrior</Class>
    <LastEdited>2019-04-11T18:32:58.8039907+02:00</LastEdited>
    <MissingCards />
    <Url />
    <Version>
      <Build>0</Build>
      <Major>1</Major>
      <Minor>0</Minor>
      <Revision>0</Revision>
    </Version>
    <DeckHistory />
    <Archived>false</Archived>
    <HsId>1765475630</HsId>
    <Note />
    <SelectedVersion>
      <Build>0</Build>
      <Major>1</Major>
      <Minor>0</Minor>
      <Revision>0</Revision>
    </SelectedVersion>
    <IsArenaDeck>false</IsArenaDeck>
    <IsDungeonDeck>false</IsDungeonDeck>
    <DeckId>caff4e57-1d87-4b34-82ac-b9f81c0a5d55</DeckId>
    <Name>Boom Warrior</Name>
    <Tags />
  </Deck>
  <Deck>
    <Cards>
      <Card>
        <Id>DAL_354</Id>
        <Count>2</Count>
      </Card>
      <Card>
        <Id>DAL_732</Id>
        <Count>1</Count>
      </Card>
      <Card>
        <Id>DAL_733</Id>
        <Count>2</Count>
      </Card>
      <Card>
        <Id>EX1_154</Id>
        <Count>2</Count>
      </Card>
      <Card>
        <Id>DAL_352</Id>
        <Count>2</Count>
      </Card>
      <Card>
        <Id>EX1_160</Id>
        <Count>2</Count>
      </Card>
      <Card>
        <Id>DAL_400</Id>
        <Count>2</Count>
      </Card>
      <Card>
        <Id>DAL_351</Id>
        <Count>2</Count>
      </Card>
      <Card>
        <Id>BOT_420</Id>
        <Count>2</Count>
      </Card>
      <Card>
        <Id>CS2_011</Id>
        <Count>2</Count>
      </Card>
      <Card>
        <Id>EX1_158</Id>
        <Count>2</Count>
      </Card>
      <Card>
        <Id>DAL_558</Id>
        <Count>1</Count>
      </Card>
      <Card>
        <Id>GIL_553</Id>
        <Count>2</Count>
      </Card>
      <Card>
        <Id>TRL_254</Id>
        <Count>2</Count>
      </Card>
      <Card>
        <Id>CS2_012</Id>
        <Count>2</Count>
      </Card>
      <Card>
        <Id>DAL_256</Id>
        <Count>2</Count>
      </Card>
    </Cards>
    <Class>Druid</Class>
    <LastEdited>2019-04-11T18:32:58.8039907+02:00</LastEdited>
    <MissingCards />
    <Url />
    <Version>
      <Build>0</Build>
      <Major>1</Major>
      <Minor>0</Minor>
      <Revision>0</Revision>
    </Version>
    <DeckHistory />
    <Archived>false</Archived>
    <HsId>1765731477</HsId>
    <Note />
    <SelectedVersion>
      <Build>0</Build>
      <Major>1</Major>
      <Minor>0</Minor>
      <Revision>0</Revision>
    </SelectedVersion>
    <IsArenaDeck>false</IsArenaDeck>
    <IsDungeonDeck>false</IsDungeonDeck>
    <DeckId>5fcec3df-4f26-48de-93c6-9c8c1bb30948</DeckId>
    <Name>Mazzo Druido</Name>
    <Tags />
  </Deck>
  <Deck>
    <Cards>
      <Card>
        <Id>DAL_354</Id>
        <Count>2</Count>
      </Card>
      <Card>
        <Id>DAL_732</Id>
        <Count>1</Count>
      </Card>
      <Card>
        <Id>DAL_733</Id>
        <Count>2</Count>
      </Card>
      <Card>
        <Id>EX1_154</Id>
        <Count>2</Count>
      </Card>
      <Card>
        <Id>DAL_352</Id>
        <Count>2</Count>
      </Card>
      <Card>
        <Id>EX1_160</Id>
        <Count>2</Count>
      </Card>
      <Card>
        <Id>DAL_400</Id>
        <Count>2</Count>
      </Card>
      <Card>
        <Id>DAL_351</Id>
        <Count>2</Count>
      </Card>
      <Card>
        <Id>BOT_420</Id>
        <Count>2</Count>
      </Card>
      <Card>
        <Id>CS2_011</Id>
        <Count>2</Count>
      </Card>
      <Card>
        <Id>EX1_158</Id>
        <Count>2</Count>
      </Card>
      <Card>
        <Id>DAL_558</Id>
        <Count>1</Count>
      </Card>
      <Card>
        <Id>GIL_553</Id>
        <Count>2</Count>
      </Card>
      <Card>
        <Id>TRL_254</Id>
        <Count>2</Count>
      </Card>
      <Card>
        <Id>CS2_012</Id>
        <Count>2</Count>
      </Card>
      <Card>
        <Id>DAL_256</Id>
        <Count>2</Count>
      </Card>
    </Cards>
    <Class>Druid</Class>
    <LastEdited>2019-04-11T18:32:58.8129662+02:00</LastEdited>
    <MissingCards />
    <Url />
    <Version>
      <Build>0</Build>
      <Major>1</Major>
      <Minor>0</Minor>
      <Revision>0</Revision>
    </Version>
    <DeckHistory />
    <Archived>false</Archived>
    <HsId>1767019049</HsId>
    <Note />
    <SelectedVersion>
      <Build>0</Build>
      <Major>1</Major>
      <Minor>0</Minor>
      <Revision>0</Revision>
    </SelectedVersion>
    <IsArenaDeck>false</IsArenaDeck>
    <IsDungeonDeck>false</IsDungeonDeck>
    <DeckId>29ca9457-04a6-48e5-9f67-1770e0ec198c</DeckId>
    <Name>Mazzo Druido3</Name>
    <Tags />
  </Deck>
  <LastDeckClass>
    <DeckInfo>
      <Class>Shaman</Class>
      <Id>8e5fe82d-2886-4751-b6f4-00982eb12345</Id>
      <Name>Custom Shaman</Name>
    </DeckInfo>
    <DeckInfo>
      <Class>Paladin</Class>
      <Id>fccecc43-ed90-4eec-a9fc-3cffb35f6a8f</Id>
      <Name>Custom Paladin</Name>
    </DeckInfo>
    <DeckInfo>
      <Class>Mage</Class>
      <Id>1d5b7e1b-8d6d-4a79-a320-aa8e37a0f1ed</Id>
      <Name>Aggro Mage</Name>
    </DeckInfo>
    <DeckInfo>
      <Class>Priest</Class>
      <Id>5c86f246-1dfc-4700-8e14-969f60ad719e</Id>
      <Name>Silent Priest</Name>
    </DeckInfo>
    <DeckInfo>
      <Class>Warrior</Class>
      <Id>6c5b438c-5d51-4be2-99b3-50346ef25cf0</Id>
      <Name>Control warrior</Name>
    </DeckInfo>
  </LastDeckClass>
</Decks>