<?xml version="1.0" encoding="utf-8"?>
<Decks xmlns:xsi="http://www.w3.org/2001/XMLSchema-instance" xmlns:xsd="http://www.w3.org/2001/XMLSchema">
  <Tags>
    <Tag>All</Tag>
    <Tag>None</Tag>
    <Tag>Favorite</Tag>
    <Tag>Ranked Deck</Tag>
  </Tags>
  <Deck>
    <Cards>
      <Card>
        <Id>EX1_058</Id>
        <Count>2</Count>
      </Card>
      <Card>
        <Id>EX1_066</Id>
        <Count>2</Count>
      </Card>
      <Card>
        <Id>LOOT_013</Id>
        <Count>2</Count>
      </Card>
      <Card>
        <Id>ICC_041</Id>
        <Count>2</Count>
      </Card>
      <Card>
        <Id>BOT_913</Id>
        <Count>1</Count>
      </Card>
      <Card>
        <Id>LOOT_413</Id>
        <Count>1</Count>
      </Card>
      <Card>
        <Id>LOOT_043</Id>
        <Count>2</Count>
      </Card>
      <Card>
        <Id>EX1_043</Id>
        <Count>2</Count>
      </Card>
      <Card>
        <Id>LOOT_291</Id>
        <Count>2</Count>
      </Card>
      <Card>
        <Id>CS2_062</Id>
        <Count>2</Count>
      </Card>
      <Card>
        <Id>EX1_048</Id>
        <Count>2</Count>
      </Card>
      <Card>
        <Id>LOOT_018</Id>
        <Count>2</Count>
      </Card>
      <Card>
        <Id>ICC_701</Id>
        <Count>1</Count>
      </Card>
      <Card>
        <Id>GIL_692</Id>
        <Count>1</Count>
      </Card>
      <Card>
        <Id>GIL_124</Id>
        <Count>1</Count>
      </Card>
      <Card>
        <Id>ICC_705</Id>
        <Count>1</Count>
      </Card>
      <Card>
        <Id>ICC_314</Id>
        <Count>1</Count>
      </Card>
      <Card>
        <Id>ICC_831</Id>
        <Count>1</Count>
      </Card>
      <Card>
        <Id>EX1_105</Id>
        <Count>2</Count>
      </Card>
    </Cards>
    <Class>Warlock</Class>
    <LastEdited>2018-12-22T19:38:56.1538168+01:00</LastEdited>
    <MissingCards />
    <Url />
    <Version>
      <Build>0</Build>
      <Major>1</Major>
      <Minor>0</Minor>
      <Revision>0</Revision>
    </Version>
    <DeckHistory />
    <Archived>false</Archived>
    <HsId>1662825273</HsId>
    <Note />
    <SelectedVersion>
      <Build>0</Build>
      <Major>1</Major>
      <Minor>0</Minor>
      <Revision>0</Revision>
    </SelectedVersion>
    <IsArenaDeck>false</IsArenaDeck>
    <IsDungeonDeck>false</IsDungeonDeck>
    <DeckId>9761173f-36eb-4cdb-9fe1-c54a289eb59d</DeckId>
    <Name>Even Warlock new</Name>
    <Tags />
  </Deck>
  <Deck>
    <Cards>
      <Card>
        <Id>CS1_130</Id>
        <Count>2</Count>
      </Card>
      <Card>
        <Id>DS1_233</Id>
        <Count>2</Count>
      </Card>
      <Card>
        <Id>UNG_034</Id>
        <Count>2</Count>
      </Card>
      <Card>
        <Id>CS2_234</Id>
        <Count>1</Count>
      </Card>
      <Card>
        <Id>ICC_802</Id>
        <Count>2</Count>
      </Card>
      <Card>
        <Id>EX1_012</Id>
        <Count>1</Count>
      </Card>
      <Card>
        <Id>UNG_029</Id>
        <Count>2</Count>
      </Card>
      <Card>
        <Id>LOOT_534</Id>
        <Count>2</Count>
      </Card>
      <Card>
        <Id>EX1_622</Id>
        <Count>1</Count>
      </Card>
      <Card>
        <Id>ICC_213</Id>
        <Count>2</Count>
      </Card>
      <Card>
        <Id>UNG_963</Id>
        <Count>1</Count>
      </Card>
      <Card>
        <Id>BOT_548</Id>
        <Count>1</Count>
      </Card>
      <Card>
        <Id>ICC_235</Id>
        <Count>2</Count>
      </Card>
      <Card>
        <Id>LOOT_507</Id>
        <Count>2</Count>
      </Card>
      <Card>
        <Id>EX1_350</Id>
        <Count>1</Count>
      </Card>
      <Card>
        <Id>LOOT_008</Id>
        <Count>2</Count>
      </Card>
      <Card>
        <Id>ICC_314</Id>
        <Count>1</Count>
      </Card>
      <Card>
        <Id>BOT_567</Id>
        <Count>1</Count>
      </Card>
      <Card>
        <Id>EX1_563</Id>
        <Count>1</Count>
      </Card>
      <Card>
        <Id>ICC_214</Id>
        <Count>1</Count>
      </Card>
    </Cards>
    <Class>Priest</Class>
    <LastEdited>2018-12-22T19:38:56.1538168+01:00</LastEdited>
    <MissingCards />
    <Url />
    <Version>
      <Build>0</Build>
      <Major>1</Major>
      <Minor>0</Minor>
      <Revision>0</Revision>
    </Version>
    <DeckHistory />
    <Archived>false</Archived>
    <HsId>1669033924</HsId>
    <Note />
    <SelectedVersion>
      <Build>0</Build>
      <Major>1</Major>
      <Minor>0</Minor>
      <Revision>0</Revision>
    </SelectedVersion>
    <IsArenaDeck>false</IsArenaDeck>
    <IsDungeonDeck>false</IsDungeonDeck>
    <DeckId>c91e899a-f7eb-49e1-90af-cdaf56c0e4ce</DeckId>
    <Name>Big priest</Name>
    <Tags />
  </Deck>
  <Deck>
    <Cards>
      <Card>
        <Id>CS2_235</Id>
        <Count>2</Count>
      </Card>
      <Card>
        <Id>CS2_004</Id>
        <Count>2</Count>
      </Card>
      <Card>
        <Id>DS1_233</Id>
        <Count>2</Count>
      </Card>
      <Card>
        <Id>GIL_661</Id>
        <Count>2</Count>
      </Card>
      <Card>
        <Id>TRL_523</Id>
        <Count>2</Count>
      </Card>
      <Card>
        <Id>UNG_029</Id>
        <Count>2</Count>
      </Card>
      <Card>
        <Id>LOOT_528</Id>
        <Count>2</Count>
      </Card>
      <Card>
        <Id>EX1_043</Id>
        <Count>2</Count>
      </Card>
      <Card>
        <Id>LOOT_410</Id>
        <Count>2</Count>
      </Card>
      <Card>
        <Id>TRL_258</Id>
        <Count>2</Count>
      </Card>
      <Card>
        <Id>EX1_091</Id>
        <Count>2</Count>
      </Card>
      <Card>
        <Id>EX1_624</Id>
        <Count>1</Count>
      </Card>
      <Card>
        <Id>ICC_701</Id>
        <Count>1</Count>
      </Card>
      <Card>
        <Id>LOOT_008</Id>
        <Count>2</Count>
      </Card>
      <Card>
        <Id>ICC_830</Id>
        <Count>1</Count>
      </Card>
      <Card>
        <Id>UNG_848</Id>
        <Count>2</Count>
      </Card>
      <Card>
        <Id>EX1_561</Id>
        <Count>1</Count>
      </Card>
    </Cards>
    <Class>Priest</Class>
    <LastEdited>2018-12-22T19:38:56.1547832+01:00</LastEdited>
    <MissingCards />
    <Url />
    <Version>
      <Build>0</Build>
      <Major>1</Major>
      <Minor>0</Minor>
      <Revision>0</Revision>
    </Version>
    <DeckHistory />
    <Archived>false</Archived>
    <HsId>1703461208</HsId>
    <Note />
    <SelectedVersion>
      <Build>0</Build>
      <Major>1</Major>
      <Minor>0</Minor>
      <Revision>0</Revision>
    </SelectedVersion>
    <IsArenaDeck>false</IsArenaDeck>
    <IsDungeonDeck>false</IsDungeonDeck>
    <DeckId>ffac3259-cea3-4699-ad5f-da68666d5533</DeckId>
    <Name>Dragon priest</Name>
    <Tags />
  </Deck>
  <Deck>
    <Cards>
      <Card>
        <Id>EX1_410</Id>
        <Count>2</Count>
      </Card>
      <Card>
        <Id>UNG_934</Id>
        <Count>1</Count>
      </Card>
      <Card>
        <Id>GIL_580</Id>
        <Count>2</Count>
      </Card>
      <Card>
        <Id>LOOT_364</Id>
        <Count>2</Count>
      </Card>
      <Card>
        <Id>UNG_928</Id>
        <Count>2</Count>
      </Card>
      <Card>
        <Id>UNG_072</Id>
        <Count>2</Count>
      </Card>
      <Card>
        <Id>GIL_207</Id>
        <Count>2</Count>
      </Card>
      <Card>
        <Id>EX1_606</Id>
        <Count>2</Count>
      </Card>
      <Card>
        <Id>BOT_406</Id>
        <Count>2</Count>
      </Card>
      <Card>
        <Id>UNG_957</Id>
        <Count>2</Count>
      </Card>
      <Card>
        <Id>BOT_104</Id>
        <Count>2</Count>
      </Card>
      <Card>
        <Id>GIL_623</Id>
        <Count>2</Count>
      </Card>
      <Card>
        <Id>EX1_407</Id>
        <Count>2</Count>
      </Card>
      <Card>
        <Id>BOT_548</Id>
        <Count>1</Count>
      </Card>
      <Card>
        <Id>TRL_550</Id>
        <Count>2</Count>
      </Card>
      <Card>
        <Id>GIL_826</Id>
        <Count>1</Count>
      </Card>
      <Card>
        <Id>TRL_542</Id>
        <Count>1</Count>
      </Card>
    </Cards>
    <Class>Warrior</Class>
    <LastEdited>2018-12-22T19:38:56.1557871+01:00</LastEdited>
    <MissingCards />
    <Url />
    <Version>
      <Build>0</Build>
      <Major>1</Major>
      <Minor>0</Minor>
      <Revision>0</Revision>
    </Version>
    <DeckHistory />
    <Archived>false</Archived>
    <HsId>1703793485</HsId>
    <Note />
    <SelectedVersion>
      <Build>0</Build>
      <Major>1</Major>
      <Minor>0</Minor>
      <Revision>0</Revision>
    </SelectedVersion>
    <IsArenaDeck>false</IsArenaDeck>
    <IsDungeonDeck>false</IsDungeonDeck>
    <DeckId>10ccc3ba-59e6-462f-afdb-312534414870</DeckId>
    <Name>Odd Quest Warrior</Name>
    <Tags />
  </Deck>
  <Deck>
    <Cards>
      <Card>
        <Id>UNG_912</Id>
        <Count>2</Count>
      </Card>
      <Card>
        <Id>TRL_348</Id>
        <Count>2</Count>
      </Card>
      <Card>
        <Id>LOOT_258</Id>
        <Count>2</Count>
      </Card>
      <Card>
        <Id>TRL_111</Id>
        <Count>2</Count>
      </Card>
      <Card>
        <Id>UNG_915</Id>
        <Count>2</Count>
      </Card>
      <Card>
        <Id>EX1_531</Id>
        <Count>2</Count>
      </Card>
      <Card>
        <Id>EX1_536</Id>
        <Count>1</Count>
      </Card>
      <Card>
        <Id>NEW1_031</Id>
        <Count>2</Count>
      </Card>
      <Card>
        <Id>EX1_539</Id>
        <Count>2</Count>
      </Card>
      <Card>
        <Id>EX1_538</Id>
        <Count>2</Count>
      </Card>
      <Card>
        <Id>ICC_419</Id>
        <Count>2</Count>
      </Card>
      <Card>
        <Id>LOOT_077</Id>
        <Count>2</Count>
      </Card>
      <Card>
        <Id>DS1_070</Id>
        <Count>2</Count>
      </Card>
      <Card>
        <Id>TRL_347</Id>
        <Count>2</Count>
      </Card>
      <Card>
        <Id>DS1_178</Id>
        <Count>2</Count>
      </Card>
      <Card>
        <Id>EX1_534</Id>
        <Count>1</Count>
      </Card>
    </Cards>
    <Class>Hunter</Class>
    <LastEdited>2018-12-22T19:38:56.1567824+01:00</LastEdited>
    <MissingCards />
    <Url />
    <Version>
      <Build>0</Build>
      <Major>1</Major>
      <Minor>0</Minor>
      <Revision>0</Revision>
    </Version>
    <DeckHistory />
    <Archived>false</Archived>
    <HsId>1703805109</HsId>
    <Note />
    <SelectedVersion>
      <Build>0</Build>
      <Major>1</Major>
      <Minor>0</Minor>
      <Revision>0</Revision>
    </SelectedVersion>
    <IsArenaDeck>false</IsArenaDeck>
    <IsDungeonDeck>false</IsDungeonDeck>
    <DeckId>9629704b-5e40-4f1f-a76f-492c93271727</DeckId>
    <Name>Midrange Hunter</Name>
    <Tags />
  </Deck>
  <Deck>
    <Cards>
      <Card>
        <Id>NEW1_003</Id>
        <Count>1</Count>
      </Card>
      <Card>
        <Id>LOOT_014</Id>
        <Count>2</Count>
      </Card>
      <Card>
        <Id>ICC_407</Id>
        <Count>1</Count>
      </Card>
      <Card>
        <Id>EX1_066</Id>
        <Count>1</Count>
      </Card>
      <Card>
        <Id>ICC_041</Id>
        <Count>2</Count>
      </Card>
      <Card>
        <Id>BOT_913</Id>
        <Count>2</Count>
      </Card>
      <Card>
        <Id>NEW1_021</Id>
        <Count>1</Count>
      </Card>
      <Card>
        <Id>UNG_072</Id>
        <Count>2</Count>
      </Card>
      <Card>
        <Id>CS2_203</Id>
        <Count>1</Count>
      </Card>
      <Card>
        <Id>LOOT_043</Id>
        <Count>2</Count>
      </Card>
      <Card>
        <Id>LOOT_291</Id>
        <Count>1</Count>
      </Card>
      <Card>
        <Id>CS2_062</Id>
        <Count>2</Count>
      </Card>
      <Card>
        <Id>ICC_912</Id>
        <Count>2</Count>
      </Card>
      <Card>
        <Id>ICC_075</Id>
        <Count>2</Count>
      </Card>
      <Card>
        <Id>LOOT_420</Id>
        <Count>1</Count>
      </Card>
      <Card>
        <Id>BOT_548</Id>
        <Count>1</Count>
      </Card>
      <Card>
        <Id>LOOT_415</Id>
        <Count>1</Count>
      </Card>
      <Card>
        <Id>GIL_825</Id>
        <Count>1</Count>
      </Card>
      <Card>
        <Id>EX1_312</Id>
        <Count>1</Count>
      </Card>
      <Card>
        <Id>LOOT_368</Id>
        <Count>2</Count>
      </Card>
      <Card>
        <Id>ICC_831</Id>
        <Count>1</Count>
      </Card>
    </Cards>
    <Class>Warlock</Class>
    <LastEdited>2018-12-22T19:38:56.1577765+01:00</LastEdited>
    <MissingCards />
    <Url />
    <Version>
      <Build>0</Build>
      <Major>1</Major>
      <Minor>0</Minor>
      <Revision>0</Revision>
    </Version>
    <DeckHistory />
    <Archived>false</Archived>
    <HsId>1703815182</HsId>
    <Note />
    <SelectedVersion>
      <Build>0</Build>
      <Major>1</Major>
      <Minor>0</Minor>
      <Revision>0</Revision>
    </SelectedVersion>
    <IsArenaDeck>false</IsArenaDeck>
    <IsDungeonDeck>false</IsDungeonDeck>
    <DeckId>63f88e6f-9e09-4f3a-a870-dc6b5e483f0c</DeckId>
    <Name>Control Warlock</Name>
    <Tags />
  </Deck>
  <Deck>
    <Cards>
      <Card>
        <Id>TRL_310</Id>
        <Count>2</Count>
      </Card>
      <Card>
        <Id>UNG_809</Id>
        <Count>2</Count>
      </Card>
      <Card>
        <Id>UNG_020</Id>
        <Count>2</Count>
      </Card>
      <Card>
        <Id>CS2_024</Id>
        <Count>2</Count>
      </Card>
      <Card>
        <Id>GIL_681</Id>
        <Count>2</Count>
      </Card>
      <Card>
        <Id>EX1_287</Id>
        <Count>1</Count>
      </Card>
      <Card>
        <Id>EX1_612</Id>
        <Count>2</Count>
      </Card>
      <Card>
        <Id>LOOT_101</Id>
        <Count>2</Count>
      </Card>
      <Card>
        <Id>BOT_103</Id>
        <Count>1</Count>
      </Card>
      <Card>
        <Id>TRL_313</Id>
        <Count>2</Count>
      </Card>
      <Card>
        <Id>UNG_021</Id>
        <Count>2</Count>
      </Card>
      <Card>
        <Id>CS2_033</Id>
        <Count>2</Count>
      </Card>
      <Card>
        <Id>UNG_070</Id>
        <Count>1</Count>
      </Card>
      <Card>
        <Id>CS2_029</Id>
        <Count>2</Count>
      </Card>
      <Card>
        <Id>GIL_645</Id>
        <Count>2</Count>
      </Card>
      <Card>
        <Id>LOOT_108</Id>
        <Count>1</Count>
      </Card>
      <Card>
        <Id>UNG_847</Id>
        <Count>2</Count>
      </Card>
    </Cards>
    <Class>Mage</Class>
    <LastEdited>2018-12-24T11:41:55.7991342+01:00</LastEdited>
    <MissingCards />
    <Url />
    <Version>
      <Build>0</Build>
      <Major>1</Major>
      <Minor>0</Minor>
      <Revision>0</Revision>
    </Version>
    <DeckHistory />
    <Archived>false</Archived>
    <HsId>1704438719</HsId>
    <Note />
    <SelectedVersion>
      <Build>0</Build>
      <Major>1</Major>
      <Minor>0</Minor>
      <Revision>0</Revision>
    </SelectedVersion>
    <IsArenaDeck>false</IsArenaDeck>
    <IsDungeonDeck>false</IsDungeonDeck>
    <DeckId>1d5b7e1b-8d6d-4a79-a320-aa8e37a0f1ed</DeckId>
    <Name>Aggro Mage</Name>
    <Tags />
  </Deck>
  <Deck>
    <Cards>
      <Card>
        <Id>LOOT_014</Id>
        <Count>2</Count>
      </Card>
      <Card>
        <Id>LOOT_017</Id>
        <Count>2</Count>
      </Card>
      <Card>
        <Id>UNG_831</Id>
        <Count>1</Count>
      </Card>
      <Card>
        <Id>ICC_041</Id>
        <Count>2</Count>
      </Card>
      <Card>
        <Id>NEW1_021</Id>
        <Count>2</Count>
      </Card>
      <Card>
        <Id>LOOT_043</Id>
        <Count>2</Count>
      </Card>
      <Card>
        <Id>LOOT_291</Id>
        <Count>1</Count>
      </Card>
      <Card>
        <Id>CS2_062</Id>
        <Count>2</Count>
      </Card>
      <Card>
        <Id>ICC_912</Id>
        <Count>1</Count>
      </Card>
      <Card>
        <Id>LOOT_161</Id>
        <Count>2</Count>
      </Card>
      <Card>
        <Id>EX1_310</Id>
        <Count>2</Count>
      </Card>
      <Card>
        <Id>EX1_564</Id>
        <Count>1</Count>
      </Card>
      <Card>
        <Id>LOOT_420</Id>
        <Count>1</Count>
      </Card>
      <Card>
        <Id>BOT_548</Id>
        <Count>1</Count>
      </Card>
      <Card>
        <Id>LOOT_306</Id>
        <Count>2</Count>
      </Card>
      <Card>
        <Id>GIL_825</Id>
        <Count>1</Count>
      </Card>
      <Card>
        <Id>LOOT_368</Id>
        <Count>2</Count>
      </Card>
      <Card>
        <Id>ICC_831</Id>
        <Count>1</Count>
      </Card>
      <Card>
        <Id>EX1_105</Id>
        <Count>2</Count>
      </Card>
    </Cards>
    <Class>Warlock</Class>
    <LastEdited>2018-12-24T17:23:39.8849137+01:00</LastEdited>
    <MissingCards />
    <Url />
    <Version>
      <Build>0</Build>
      <Major>1</Major>
      <Minor>0</Minor>
      <Revision>0</Revision>
    </Version>
    <DeckHistory />
    <Archived>false</Archived>
    <HsId>1705337928</HsId>
    <Note />
    <SelectedVersion>
      <Build>0</Build>
      <Major>1</Major>
      <Minor>0</Minor>
      <Revision>0</Revision>
    </SelectedVersion>
    <IsArenaDeck>false</IsArenaDeck>
    <IsDungeonDeck>false</IsDungeonDeck>
    <DeckId>45d55f4f-6e81-4757-b928-8d61816697eb</DeckId>
    <Name>Mazzo Stregone</Name>
    <Tags />
  </Deck>
  <Deck>
    <Cards>
      <Card>
        <Id>TRL_249</Id>
        <Count>2</Count>
      </Card>
      <Card>
        <Id>LOOT_014</Id>
        <Count>2</Count>
      </Card>
      <Card>
        <Id>TRL_363</Id>
        <Count>2</Count>
      </Card>
      <Card>
        <Id>EX1_308</Id>
        <Count>2</Count>
      </Card>
      <Card>
        <Id>EX1_008</Id>
        <Count>2</Count>
      </Card>
      <Card>
        <Id>EX1_319</Id>
        <Count>2</Count>
      </Card>
      <Card>
        <Id>BOT_263</Id>
        <Count>2</Count>
      </Card>
      <Card>
        <Id>UNG_809</Id>
        <Count>2</Count>
      </Card>
      <Card>
        <Id>CS2_065</Id>
        <Count>2</Count>
      </Card>
      <Card>
        <Id>ICC_092</Id>
        <Count>2</Count>
      </Card>
      <Card>
        <Id>ICC_851</Id>
        <Count>1</Count>
      </Card>
      <Card>
        <Id>BOT_224</Id>
        <Count>2</Count>
      </Card>
      <Card>
        <Id>ICC_466</Id>
        <Count>2</Count>
      </Card>
      <Card>
        <Id>EX1_048</Id>
        <Count>1</Count>
      </Card>
      <Card>
        <Id>EX1_310</Id>
        <Count>2</Count>
      </Card>
      <Card>
        <Id>LOOT_167</Id>
        <Count>2</Count>
      </Card>
    </Cards>
    <Class>Warlock</Class>
    <LastEdited>2018-12-28T10:53:41.3197441+01:00</LastEdited>
    <MissingCards />
    <Url />
    <Version>
      <Build>0</Build>
      <Major>1</Major>
      <Minor>0</Minor>
      <Revision>0</Revision>
    </Version>
    <DeckHistory />
    <Archived>false</Archived>
    <HsId>1705418935</HsId>
    <Note />
    <SelectedVersion>
      <Build>0</Build>
      <Major>1</Major>
      <Minor>0</Minor>
      <Revision>0</Revision>
    </SelectedVersion>
    <IsArenaDeck>false</IsArenaDeck>
    <IsDungeonDeck>false</IsDungeonDeck>
    <DeckId>57acd819-9bb7-43b5-8457-e4fae1186283</DeckId>
    <Name>Mazzo Stregone</Name>
    <Tags />
  </Deck>
  <Deck>
    <Cards>
      <Card>
        <Id>LOOT_014</Id>
        <Count>2</Count>
      </Card>
      <Card>
        <Id>BOT_445</Id>
        <Count>1</Count>
      </Card>
      <Card>
        <Id>ICC_407</Id>
        <Count>2</Count>
      </Card>
      <Card>
        <Id>EX1_066</Id>
        <Count>1</Count>
      </Card>
      <Card>
        <Id>LOOT_013</Id>
        <Count>2</Count>
      </Card>
      <Card>
        <Id>ICC_041</Id>
        <Count>2</Count>
      </Card>
      <Card>
        <Id>NEW1_021</Id>
        <Count>2</Count>
      </Card>
      <Card>
        <Id>ICC_218</Id>
        <Count>2</Count>
      </Card>
      <Card>
        <Id>UNG_072</Id>
        <Count>2</Count>
      </Card>
      <Card>
        <Id>ICC_206</Id>
        <Count>2</Count>
      </Card>
      <Card>
        <Id>EX1_085</Id>
        <Count>1</Count>
      </Card>
      <Card>
        <Id>LOOT_043</Id>
        <Count>2</Count>
      </Card>
      <Card>
        <Id>ICC_075</Id>
        <Count>2</Count>
      </Card>
      <Card>
        <Id>BOT_548</Id>
        <Count>1</Count>
      </Card>
      <Card>
        <Id>EX1_309</Id>
        <Count>1</Count>
      </Card>
      <Card>
        <Id>GIL_825</Id>
        <Count>1</Count>
      </Card>
      <Card>
        <Id>EX1_312</Id>
        <Count>1</Count>
      </Card>
      <Card>
        <Id>LOOT_368</Id>
        <Count>2</Count>
      </Card>
      <Card>
        <Id>ICC_831</Id>
        <Count>1</Count>
      </Card>
    </Cards>
    <Class>Warlock</Class>
    <LastEdited>2018-12-30T20:13:01.7699034+01:00</LastEdited>
    <MissingCards />
    <Url />
    <Version>
      <Build>0</Build>
      <Major>1</Major>
      <Minor>0</Minor>
      <Revision>0</Revision>
    </Version>
    <DeckHistory />
    <Archived>false</Archived>
    <HsId>1707706142</HsId>
    <Note />
    <SelectedVersion>
      <Build>0</Build>
      <Major>1</Major>
      <Minor>0</Minor>
      <Revision>0</Revision>
    </SelectedVersion>
    <IsArenaDeck>false</IsArenaDeck>
    <IsDungeonDeck>false</IsDungeonDeck>
    <DeckId>7173f87c-0ba1-4e13-ac27-10b0e354727b</DeckId>
    <Name>Mazzo Stregone2</Name>
    <Tags />
  </Deck>
  <Deck>
    <Cards>
      <Card>
        <Id>CS2_004</Id>
        <Count>2</Count>
      </Card>
      <Card>
        <Id>CS1_130</Id>
        <Count>2</Count>
      </Card>
      <Card>
        <Id>DS1_233</Id>
        <Count>2</Count>
      </Card>
      <Card>
        <Id>UNG_034</Id>
        <Count>2</Count>
      </Card>
      <Card>
        <Id>ICC_802</Id>
        <Count>2</Count>
      </Card>
      <Card>
        <Id>UNG_029</Id>
        <Count>2</Count>
      </Card>
      <Card>
        <Id>LOOT_534</Id>
        <Count>2</Count>
      </Card>
      <Card>
        <Id>ICC_213</Id>
        <Count>2</Count>
      </Card>
      <Card>
        <Id>TRL_258</Id>
        <Count>2</Count>
      </Card>
      <Card>
        <Id>UNG_963</Id>
        <Count>1</Count>
      </Card>
      <Card>
        <Id>BOT_548</Id>
        <Count>1</Count>
      </Card>
      <Card>
        <Id>ICC_235</Id>
        <Count>2</Count>
      </Card>
      <Card>
        <Id>LOOT_507</Id>
        <Count>2</Count>
      </Card>
      <Card>
        <Id>EX1_350</Id>
        <Count>1</Count>
      </Card>
      <Card>
        <Id>LOOT_008</Id>
        <Count>2</Count>
      </Card>
      <Card>
        <Id>ICC_314</Id>
        <Count>1</Count>
      </Card>
      <Card>
        <Id>BOT_567</Id>
        <Count>1</Count>
      </Card>
      <Card>
        <Id>EX1_563</Id>
        <Count>1</Count>
      </Card>
    </Cards>
    <Class>Priest</Class>
    <LastEdited>2018-12-31T13:04:04.7357975+01:00</LastEdited>
    <MissingCards />
    <Url />
    <Version>
      <Build>0</Build>
      <Major>1</Major>
      <Minor>0</Minor>
      <Revision>0</Revision>
    </Version>
    <DeckHistory />
    <Archived>false</Archived>
    <HsId>1710074404</HsId>
    <Note />
    <SelectedVersion>
      <Build>0</Build>
      <Major>1</Major>
      <Minor>0</Minor>
      <Revision>0</Revision>
    </SelectedVersion>
    <IsArenaDeck>false</IsArenaDeck>
    <IsDungeonDeck>false</IsDungeonDeck>
    <DeckId>059fe982-5b0a-47e7-a90b-cdc552f49e3a</DeckId>
    <Name>Mazzo Sacerdote2</Name>
    <Tags />
  </Deck>
  <Deck>
    <Cards>
      <Card>
        <Id>CS2_004</Id>
        <Count>2</Count>
      </Card>
      <Card>
        <Id>CS1_130</Id>
        <Count>2</Count>
      </Card>
      <Card>
        <Id>DS1_233</Id>
        <Count>2</Count>
      </Card>
      <Card>
        <Id>UNG_034</Id>
        <Count>2</Count>
      </Card>
      <Card>
        <Id>ICC_802</Id>
        <Count>2</Count>
      </Card>
      <Card>
        <Id>UNG_029</Id>
        <Count>2</Count>
      </Card>
      <Card>
        <Id>LOOT_534</Id>
        <Count>2</Count>
      </Card>
      <Card>
        <Id>ICC_213</Id>
        <Count>2</Count>
      </Card>
      <Card>
        <Id>GIL_623</Id>
        <Count>1</Count>
      </Card>
      <Card>
        <Id>TRL_258</Id>
        <Count>2</Count>
      </Card>
      <Card>
        <Id>UNG_963</Id>
        <Count>1</Count>
      </Card>
      <Card>
        <Id>BOT_548</Id>
        <Count>1</Count>
      </Card>
      <Card>
        <Id>LOOT_507</Id>
        <Count>2</Count>
      </Card>
      <Card>
        <Id>EX1_350</Id>
        <Count>1</Count>
      </Card>
      <Card>
        <Id>LOOT_008</Id>
        <Count>2</Count>
      </Card>
      <Card>
        <Id>ICC_830</Id>
        <Count>1</Count>
      </Card>
      <Card>
        <Id>ICC_314</Id>
        <Count>1</Count>
      </Card>
      <Card>
        <Id>BOT_567</Id>
        <Count>1</Count>
      </Card>
      <Card>
        <Id>EX1_563</Id>
        <Count>1</Count>
      </Card>
    </Cards>
    <Class>Priest</Class>
    <LastEdited>2019-01-12T13:02:06.2604442+01:00</LastEdited>
    <MissingCards />
    <Url />
    <Version>
      <Build>0</Build>
      <Major>1</Major>
      <Minor>0</Minor>
      <Revision>0</Revision>
    </Version>
    <DeckHistory />
    <Archived>false</Archived>
    <HsId>1714527620</HsId>
    <Note />
    <SelectedVersion>
      <Build>0</Build>
      <Major>1</Major>
      <Minor>0</Minor>
      <Revision>0</Revision>
    </SelectedVersion>
    <IsArenaDeck>false</IsArenaDeck>
    <IsDungeonDeck>false</IsDungeonDeck>
    <DeckId>de1adc3b-1a3b-40f6-a0fa-dbdcbb8fd1f1</DeckId>
    <Name>TOP20</Name>
    <Tags />
  </Deck>
  <Deck>
    <Cards>
      <Card>
        <Id>EX1_058</Id>
        <Count>2</Count>
      </Card>
      <Card>
        <Id>EX1_066</Id>
        <Count>1</Count>
      </Card>
      <Card>
        <Id>LOOT_013</Id>
        <Count>2</Count>
      </Card>
      <Card>
        <Id>ICC_041</Id>
        <Count>2</Count>
      </Card>
      <Card>
        <Id>LOOT_413</Id>
        <Count>2</Count>
      </Card>
      <Card>
        <Id>NEW1_021</Id>
        <Count>2</Count>
      </Card>
      <Card>
        <Id>LOOT_043</Id>
        <Count>2</Count>
      </Card>
      <Card>
        <Id>EX1_043</Id>
        <Count>2</Count>
      </Card>
      <Card>
        <Id>LOOT_291</Id>
        <Count>2</Count>
      </Card>
      <Card>
        <Id>CS2_062</Id>
        <Count>2</Count>
      </Card>
      <Card>
        <Id>EX1_048</Id>
        <Count>2</Count>
      </Card>
      <Card>
        <Id>LOOT_018</Id>
        <Count>2</Count>
      </Card>
      <Card>
        <Id>GIL_692</Id>
        <Count>1</Count>
      </Card>
      <Card>
        <Id>CS2_064</Id>
        <Count>1</Count>
      </Card>
      <Card>
        <Id>ICC_705</Id>
        <Count>1</Count>
      </Card>
      <Card>
        <Id>ICC_314</Id>
        <Count>1</Count>
      </Card>
      <Card>
        <Id>ICC_831</Id>
        <Count>1</Count>
      </Card>
      <Card>
        <Id>EX1_105</Id>
        <Count>2</Count>
      </Card>
    </Cards>
    <Class>Warlock</Class>
    <LastEdited>2019-01-17T19:01:38.6741954+01:00</LastEdited>
    <MissingCards />
    <Url />
    <Version>
      <Build>0</Build>
      <Major>1</Major>
      <Minor>0</Minor>
      <Revision>0</Revision>
    </Version>
    <DeckHistory />
    <Archived>false</Archived>
    <HsId>1717527956</HsId>
    <Note />
    <SelectedVersion>
      <Build>0</Build>
      <Major>1</Major>
      <Minor>0</Minor>
      <Revision>0</Revision>
    </SelectedVersion>
    <IsArenaDeck>false</IsArenaDeck>
    <IsDungeonDeck>false</IsDungeonDeck>
    <DeckId>6603321b-b21d-40d6-a53f-ffe380a2cd22</DeckId>
    <Name>Even</Name>
    <Tags />
  </Deck>
  <Deck>
    <Cards>
      <Card>
        <Id>EX1_410</Id>
        <Count>2</Count>
      </Card>
      <Card>
        <Id>UNG_934</Id>
        <Count>1</Count>
      </Card>
      <Card>
        <Id>LOOT_367</Id>
        <Count>2</Count>
      </Card>
      <Card>
        <Id>CS2_108</Id>
        <Count>2</Count>
      </Card>
      <Card>
        <Id>ICC_281</Id>
        <Count>1</Count>
      </Card>
      <Card>
        <Id>EX1_066</Id>
        <Count>1</Count>
      </Card>
      <Card>
        <Id>GIL_654</Id>
        <Count>2</Count>
      </Card>
      <Card>
        <Id>UNG_926</Id>
        <Count>2</Count>
      </Card>
      <Card>
        <Id>EX1_007</Id>
        <Count>2</Count>
      </Card>
      <Card>
        <Id>UNG_072</Id>
        <Count>2</Count>
      </Card>
      <Card>
        <Id>GIL_207</Id>
        <Count>2</Count>
      </Card>
      <Card>
        <Id>EX1_606</Id>
        <Count>2</Count>
      </Card>
      <Card>
        <Id>ICC_064</Id>
        <Count>2</Count>
      </Card>
      <Card>
        <Id>ICC_466</Id>
        <Count>1</Count>
      </Card>
      <Card>
        <Id>EX1_407</Id>
        <Count>2</Count>
      </Card>
      <Card>
        <Id>BOT_548</Id>
        <Count>1</Count>
      </Card>
      <Card>
        <Id>TRL_325</Id>
        <Count>1</Count>
      </Card>
      <Card>
        <Id>TRL_550</Id>
        <Count>2</Count>
      </Card>
    </Cards>
    <Class>Warrior</Class>
    <LastEdited>2019-01-17T19:01:38.6743213+01:00</LastEdited>
    <MissingCards />
    <Url />
    <Version>
      <Build>0</Build>
      <Major>1</Major>
      <Minor>0</Minor>
      <Revision>0</Revision>
    </Version>
    <DeckHistory />
    <Archived>false</Archived>
    <HsId>1719317578</HsId>
    <Note />
    <SelectedVersion>
      <Build>0</Build>
      <Major>1</Major>
      <Minor>0</Minor>
      <Revision>0</Revision>
    </SelectedVersion>
    <IsArenaDeck>false</IsArenaDeck>
    <IsDungeonDeck>false</IsDungeonDeck>
    <DeckId>2a3c8c71-95ce-4f74-a2de-72fab40e5a94</DeckId>
    <Name>Mazzo Guerriero</Name>
    <Tags />
  </Deck>
  <Deck>
    <Cards>
      <Card>
        <Id>CS2_004</Id>
        <Count>2</Count>
      </Card>
      <Card>
        <Id>CS1_130</Id>
        <Count>2</Count>
      </Card>
      <Card>
        <Id>DS1_233</Id>
        <Count>2</Count>
      </Card>
      <Card>
        <Id>UNG_034</Id>
        <Count>2</Count>
      </Card>
      <Card>
        <Id>CS2_234</Id>
        <Count>1</Count>
      </Card>
      <Card>
        <Id>ICC_802</Id>
        <Count>2</Count>
      </Card>
      <Card>
        <Id>UNG_029</Id>
        <Count>2</Count>
      </Card>
      <Card>
        <Id>GIL_813</Id>
        <Count>1</Count>
      </Card>
      <Card>
        <Id>EX1_626</Id>
        <Count>1</Count>
      </Card>
      <Card>
        <Id>ICC_213</Id>
        <Count>2</Count>
      </Card>
      <Card>
        <Id>TRL_258</Id>
        <Count>2</Count>
      </Card>
      <Card>
        <Id>BOT_548</Id>
        <Count>1</Count>
      </Card>
      <Card>
        <Id>ICC_235</Id>
        <Count>2</Count>
      </Card>
      <Card>
        <Id>LOOT_507</Id>
        <Count>2</Count>
      </Card>
      <Card>
        <Id>EX1_350</Id>
        <Count>1</Count>
      </Card>
      <Card>
        <Id>LOOT_008</Id>
        <Count>2</Count>
      </Card>
      <Card>
        <Id>ICC_830</Id>
        <Count>1</Count>
      </Card>
      <Card>
        <Id>BOT_567</Id>
        <Count>1</Count>
      </Card>
      <Card>
        <Id>EX1_563</Id>
        <Count>1</Count>
      </Card>
    </Cards>
    <Class>Priest</Class>
    <LastEdited>2019-01-22T22:32:44.3522171+01:00</LastEdited>
    <MissingCards />
    <Url />
    <Version>
      <Build>0</Build>
      <Major>1</Major>
      <Minor>0</Minor>
      <Revision>0</Revision>
    </Version>
    <DeckHistory />
    <Archived>false</Archived>
    <HsId>1722110388</HsId>
    <Note />
    <SelectedVersion>
      <Build>0</Build>
      <Major>1</Major>
      <Minor>0</Minor>
      <Revision>0</Revision>
    </SelectedVersion>
    <IsArenaDeck>false</IsArenaDeck>
    <IsDungeonDeck>false</IsDungeonDeck>
    <DeckId>59dddcc7-bab0-47ae-81f8-72fb95e996ed</DeckId>
    <Name>Boh</Name>
    <Tags />
  </Deck>
  <Deck>
    <Cards>
      <Card>
        <Id>ICC_828</Id>
        <Count>1</Count>
      </Card>
      <Card>
        <Id>TRL_566</Id>
        <Count>1</Count>
      </Card>
      <Card>
        <Id>CS2_084</Id>
        <Count>2</Count>
      </Card>
      <Card>
        <Id>EX1_539</Id>
        <Count>2</Count>
      </Card>
      <Card>
        <Id>NEW1_031</Id>
        <Count>2</Count>
      </Card>
      <Card>
        <Id>DS1_175</Id>
        <Count>2</Count>
      </Card>
      <Card>
        <Id>DS1_178</Id>
        <Count>2</Count>
      </Card>
      <Card>
        <Id>DS1_184</Id>
        <Count>2</Count>
      </Card>
      <Card>
        <Id>EX1_538</Id>
        <Count>2</Count>
      </Card>
      <Card>
        <Id>EX1_531</Id>
        <Count>2</Count>
      </Card>
      <Card>
        <Id>UNG_915</Id>
        <Count>2</Count>
      </Card>
      <Card>
        <Id>LOOT_077</Id>
        <Count>2</Count>
      </Card>
      <Card>
        <Id>LOOT_222</Id>
        <Count>2</Count>
      </Card>
      <Card>
        <Id>GIL_828</Id>
        <Count>2</Count>
      </Card>
      <Card>
        <Id>TRL_348</Id>
        <Count>2</Count>
      </Card>
      <Card>
        <Id>TRL_339</Id>
        <Count>2</Count>
      </Card>
    </Cards>
    <Class>Hunter</Class>
    <LastEdited>2019-02-04T22:04:15.14174+01:00</LastEdited>
    <MissingCards />
    <Url />
    <Version>
      <Build>0</Build>
      <Major>1</Major>
      <Minor>0</Minor>
      <Revision>0</Revision>
    </Version>
    <DeckHistory />
    <Archived>false</Archived>
    <HsId>1729204568</HsId>
    <Note />
    <SelectedVersion>
      <Build>0</Build>
      <Major>1</Major>
      <Minor>0</Minor>
      <Revision>0</Revision>
    </SelectedVersion>
    <IsArenaDeck>false</IsArenaDeck>
    <IsDungeonDeck>false</IsDungeonDeck>
    <DeckId>7b1aacd8-75b1-4f25-9609-e6e9c79c09f2</DeckId>
    <Name>Mazzo Cacciatore</Name>
    <Tags />
  </Deck>
  <Deck>
    <Cards>
      <Card>
        <Id>LOOT_051</Id>
        <Count>2</Count>
      </Card>
      <Card>
        <Id>EX1_161</Id>
        <Count>2</Count>
      </Card>
      <Card>
        <Id>CS2_013</Id>
        <Count>2</Count>
      </Card>
      <Card>
        <Id>ICC_901</Id>
        <Count>1</Count>
      </Card>
      <Card>
        <Id>GIL_571</Id>
        <Count>2</Count>
      </Card>
      <Card>
        <Id>LOOT_309</Id>
        <Count>2</Count>
      </Card>
      <Card>
        <Id>LOOT_048</Id>
        <Count>2</Count>
      </Card>
      <Card>
        <Id>LOOT_054</Id>
        <Count>2</Count>
      </Card>
      <Card>
        <Id>CS2_012</Id>
        <Count>1</Count>
      </Card>
      <Card>
        <Id>LOOT_161</Id>
        <Count>2</Count>
      </Card>
      <Card>
        <Id>LOOT_315</Id>
        <Count>1</Count>
      </Card>
      <Card>
        <Id>EX1_164</Id>
        <Count>2</Count>
      </Card>
      <Card>
        <Id>UNG_848</Id>
        <Count>2</Count>
      </Card>
      <Card>
        <Id>ICC_314</Id>
        <Count>1</Count>
      </Card>
      <Card>
        <Id>LOOT_540</Id>
        <Count>2</Count>
      </Card>
      <Card>
        <Id>LOOT_137</Id>
        <Count>2</Count>
      </Card>
      <Card>
        <Id>ICC_835</Id>
        <Count>1</Count>
      </Card>
      <Card>
        <Id>LOOT_521</Id>
        <Count>1</Count>
      </Card>
    </Cards>
    <Class>Druid</Class>
    <LastEdited>2019-02-05T21:26:41.9666817+01:00</LastEdited>
    <MissingCards />
    <Url />
    <Version>
      <Build>0</Build>
      <Major>1</Major>
      <Minor>0</Minor>
      <Revision>0</Revision>
    </Version>
    <DeckHistory />
    <Archived>false</Archived>
    <HsId>1728154910</HsId>
    <Note />
    <SelectedVersion>
      <Build>0</Build>
      <Major>1</Major>
      <Minor>0</Minor>
      <Revision>0</Revision>
    </SelectedVersion>
    <IsArenaDeck>false</IsArenaDeck>
    <IsDungeonDeck>false</IsDungeonDeck>
    <DeckId>bffd8ddb-c81b-4928-a267-2c6e82039160</DeckId>
    <Name>Mazzo Druido</Name>
    <Tags />
  </Deck>
  <Deck>
    <Cards>
      <Card>
        <Id>BOT_299</Id>
        <Count>2</Count>
      </Card>
      <Card>
        <Id>EX1_410</Id>
        <Count>2</Count>
      </Card>
      <Card>
        <Id>UNG_923</Id>
        <Count>1</Count>
      </Card>
      <Card>
        <Id>BOT_059</Id>
        <Count>2</Count>
      </Card>
      <Card>
        <Id>TRL_321</Id>
        <Count>1</Count>
      </Card>
      <Card>
        <Id>UNG_072</Id>
        <Count>2</Count>
      </Card>
      <Card>
        <Id>EX1_606</Id>
        <Count>2</Count>
      </Card>
      <Card>
        <Id>EX1_085</Id>
        <Count>2</Count>
      </Card>
      <Card>
        <Id>UNG_957</Id>
        <Count>1</Count>
      </Card>
      <Card>
        <Id>BOT_104</Id>
        <Count>2</Count>
      </Card>
      <Card>
        <Id>TRL_323</Id>
        <Count>2</Count>
      </Card>
      <Card>
        <Id>TRL_526</Id>
        <Count>2</Count>
      </Card>
      <Card>
        <Id>CS2_112</Id>
        <Count>2</Count>
      </Card>
      <Card>
        <Id>EX1_407</Id>
        <Count>2</Count>
      </Card>
      <Card>
        <Id>BOT_548</Id>
        <Count>1</Count>
      </Card>
      <Card>
        <Id>BOT_238</Id>
        <Count>1</Count>
      </Card>
      <Card>
        <Id>GIL_826</Id>
        <Count>1</Count>
      </Card>
      <Card>
        <Id>LOOT_137</Id>
        <Count>1</Count>
      </Card>
      <Card>
        <Id>EX1_572</Id>
        <Count>1</Count>
      </Card>
    </Cards>
    <Class>Warrior</Class>
    <LastEdited>2019-02-05T21:58:59.9109863+01:00</LastEdited>
    <MissingCards />
    <Url />
    <Version>
      <Build>0</Build>
      <Major>2</Major>
      <Minor>0</Minor>
      <Revision>0</Revision>
    </Version>
    <DeckHistory>
      <Deck>
        <Cards>
          <Card>
            <Id>BOT_299</Id>
            <Count>2</Count>
          </Card>
          <Card>
            <Id>EX1_410</Id>
            <Count>2</Count>
          </Card>
          <Card>
            <Id>BOT_059</Id>
            <Count>2</Count>
          </Card>
          <Card>
            <Id>LOOT_364</Id>
            <Count>2</Count>
          </Card>
          <Card>
            <Id>UNG_072</Id>
            <Count>2</Count>
          </Card>
          <Card>
            <Id>TRL_326</Id>
            <Count>2</Count>
          </Card>
          <Card>
            <Id>EX1_606</Id>
            <Count>2</Count>
          </Card>
          <Card>
            <Id>BOT_406</Id>
            <Count>2</Count>
          </Card>
          <Card>
            <Id>BOT_104</Id>
            <Count>2</Count>
          </Card>
          <Card>
            <Id>TRL_323</Id>
            <Count>2</Count>
          </Card>
          <Card>
            <Id>TRL_526</Id>
            <Count>2</Count>
          </Card>
          <Card>
            <Id>EX1_407</Id>
            <Count>2</Count>
          </Card>
          <Card>
            <Id>BOT_548</Id>
            <Count>1</Count>
          </Card>
          <Card>
            <Id>TRL_569</Id>
            <Count>2</Count>
          </Card>
          <Card>
            <Id>BOT_238</Id>
            <Count>1</Count>
          </Card>
          <Card>
            <Id>GIL_826</Id>
            <Count>1</Count>
          </Card>
          <Card>
            <Id>EX1_572</Id>
            <Count>1</Count>
          </Card>
        </Cards>
        <Class>Warrior</Class>
        <LastEdited>2018-12-28T10:53:41.3207393+01:00</LastEdited>
        <MissingCards />
        <Url />
        <Version>
          <Build>0</Build>
          <Major>1</Major>
          <Minor>0</Minor>
          <Revision>0</Revision>
        </Version>
        <DeckHistory />
        <Archived>false</Archived>
        <HsId>1708168928</HsId>
        <Note />
        <SelectedVersion>
          <Build>0</Build>
          <Major>1</Major>
          <Minor>0</Minor>
          <Revision>0</Revision>
        </SelectedVersion>
        <IsArenaDeck>false</IsArenaDeck>
        <IsDungeonDeck>false</IsDungeonDeck>
        <DeckId>a6262d85-acf3-43a8-b0c5-32897e2748ef</DeckId>
        <Name>Odd Warrior</Name>
        <Tags />
      </Deck>
    </DeckHistory>
    <Archived>false</Archived>
    <HsId>1708168928</HsId>
    <Note />
    <SelectedVersion>
      <Build>0</Build>
      <Major>2</Major>
      <Minor>0</Minor>
      <Revision>0</Revision>
    </SelectedVersion>
    <IsArenaDeck>false</IsArenaDeck>
    <IsDungeonDeck>false</IsDungeonDeck>
    <DeckId>edd2c5b6-db40-4914-9cf5-a1d059e78d17</DeckId>
    <Name>Odd Warrior</Name>
    <Tags />
  </Deck>
  <Deck>
    <Cards>
      <Card>
        <Id>LOOT_051</Id>
        <Count>2</Count>
      </Card>
      <Card>
        <Id>EX1_161</Id>
        <Count>2</Count>
      </Card>
      <Card>
        <Id>CS2_013</Id>
        <Count>2</Count>
      </Card>
      <Card>
        <Id>CS2_011</Id>
        <Count>1</Count>
      </Card>
      <Card>
        <Id>GIL_637</Id>
        <Count>2</Count>
      </Card>
      <Card>
        <Id>LOOT_309</Id>
        <Count>2</Count>
      </Card>
      <Card>
        <Id>LOOT_048</Id>
        <Count>2</Count>
      </Card>
      <Card>
        <Id>LOOT_054</Id>
        <Count>2</Count>
      </Card>
      <Card>
        <Id>CS2_012</Id>
        <Count>2</Count>
      </Card>
      <Card>
        <Id>LOOT_056</Id>
        <Count>1</Count>
      </Card>
      <Card>
        <Id>ICC_054</Id>
        <Count>2</Count>
      </Card>
      <Card>
        <Id>EX1_164</Id>
        <Count>2</Count>
      </Card>
      <Card>
        <Id>ICC_832</Id>
        <Count>1</Count>
      </Card>
      <Card>
        <Id>TRL_550</Id>
        <Count>1</Count>
      </Card>
      <Card>
        <Id>TRL_537</Id>
        <Count>1</Count>
      </Card>
      <Card>
        <Id>ICC_314</Id>
        <Count>1</Count>
      </Card>
      <Card>
        <Id>TRL_513</Id>
        <Count>2</Count>
      </Card>
      <Card>
        <Id>ICC_835</Id>
        <Count>1</Count>
      </Card>
      <Card>
        <Id>LOOT_521</Id>
        <Count>1</Count>
      </Card>
    </Cards>
    <Class>Druid</Class>
    <LastEdited>2019-02-17T18:56:02.9728377+01:00</LastEdited>
    <MissingCards />
    <Url />
    <Version>
      <Build>0</Build>
      <Major>1</Major>
      <Minor>0</Minor>
      <Revision>0</Revision>
    </Version>
    <DeckHistory />
    <Archived>false</Archived>
    <HsId>1733447384</HsId>
    <Note />
    <SelectedVersion>
      <Build>0</Build>
      <Major>1</Major>
      <Minor>0</Minor>
      <Revision>0</Revision>
    </SelectedVersion>
    <IsArenaDeck>false</IsArenaDeck>
    <IsDungeonDeck>false</IsDungeonDeck>
    <DeckId>9ad1ecc4-6a91-403c-a968-b7a8b32a2dde</DeckId>
    <Name>Undatakah Druid</Name>
    <Tags />
  </Deck>
  <Deck>
    <Cards>
      <Card>
        <Id>BOT_517</Id>
        <Count>1</Count>
      </Card>
      <Card>
        <Id>CS2_235</Id>
        <Count>2</Count>
      </Card>
      <Card>
        <Id>CS1_129</Id>
        <Count>1</Count>
      </Card>
      <Card>
        <Id>CS2_004</Id>
        <Count>2</Count>
      </Card>
      <Card>
        <Id>CS2_236</Id>
        <Count>2</Count>
      </Card>
      <Card>
        <Id>UNG_029</Id>
        <Count>2</Count>
      </Card>
      <Card>
        <Id>UNG_928</Id>
        <Count>2</Count>
      </Card>
      <Card>
        <Id>EX1_626</Id>
        <Count>1</Count>
      </Card>
      <Card>
        <Id>EX1_334</Id>
        <Count>2</Count>
      </Card>
      <Card>
        <Id>ICC_213</Id>
        <Count>2</Count>
      </Card>
      <Card>
        <Id>GIL_623</Id>
        <Count>2</Count>
      </Card>
      <Card>
        <Id>TRL_258</Id>
        <Count>2</Count>
      </Card>
      <Card>
        <Id>BOT_548</Id>
        <Count>1</Count>
      </Card>
      <Card>
        <Id>LOOT_507</Id>
        <Count>2</Count>
      </Card>
      <Card>
        <Id>LOOT_008</Id>
        <Count>2</Count>
      </Card>
      <Card>
        <Id>ICC_314</Id>
        <Count>1</Count>
      </Card>
      <Card>
        <Id>TRL_513</Id>
        <Count>2</Count>
      </Card>
      <Card>
        <Id>LOOT_521</Id>
        <Count>1</Count>
      </Card>
    </Cards>
    <Class>Priest</Class>
    <LastEdited>2019-03-01T19:25:00.7729729+01:00</LastEdited>
    <MissingCards />
    <Url />
    <Version>
      <Build>0</Build>
      <Major>1</Major>
      <Minor>1</Minor>
      <Revision>0</Revision>
    </Version>
    <DeckHistory>
      <Deck>
        <Cards>
          <Card>
            <Id>BOT_517</Id>
            <Count>1</Count>
          </Card>
          <Card>
            <Id>CS2_235</Id>
            <Count>2</Count>
          </Card>
          <Card>
            <Id>CS1_129</Id>
            <Count>1</Count>
          </Card>
          <Card>
            <Id>CS2_004</Id>
            <Count>2</Count>
          </Card>
          <Card>
            <Id>GIL_661</Id>
            <Count>1</Count>
          </Card>
          <Card>
            <Id>CS2_236</Id>
            <Count>2</Count>
          </Card>
          <Card>
            <Id>UNG_029</Id>
            <Count>2</Count>
          </Card>
          <Card>
            <Id>UNG_928</Id>
            <Count>2</Count>
          </Card>
          <Card>
            <Id>EX1_626</Id>
            <Count>1</Count>
          </Card>
          <Card>
            <Id>EX1_334</Id>
            <Count>1</Count>
          </Card>
          <Card>
            <Id>ICC_213</Id>
            <Count>2</Count>
          </Card>
          <Card>
            <Id>GIL_623</Id>
            <Count>2</Count>
          </Card>
          <Card>
            <Id>TRL_258</Id>
            <Count>2</Count>
          </Card>
          <Card>
            <Id>BOT_548</Id>
            <Count>1</Count>
          </Card>
          <Card>
            <Id>LOOT_507</Id>
            <Count>2</Count>
          </Card>
          <Card>
            <Id>LOOT_008</Id>
            <Count>2</Count>
          </Card>
          <Card>
            <Id>ICC_314</Id>
            <Count>1</Count>
          </Card>
          <Card>
            <Id>TRL_513</Id>
            <Count>2</Count>
          </Card>
          <Card>
            <Id>LOOT_521</Id>
            <Count>1</Count>
          </Card>
        </Cards>
        <Class>Priest</Class>
        <LastEdited>2019-02-10T19:59:45.5694385+01:00</LastEdited>
        <MissingCards />
        <Url />
        <Version>
          <Build>0</Build>
          <Major>1</Major>
          <Minor>0</Minor>
          <Revision>0</Revision>
        </Version>
        <DeckHistory />
        <Archived>false</Archived>
        <HsId>1731347694</HsId>
        <Note />
        <SelectedVersion>
          <Build>0</Build>
          <Major>1</Major>
          <Minor>0</Minor>
          <Revision>0</Revision>
        </SelectedVersion>
        <IsArenaDeck>false</IsArenaDeck>
        <IsDungeonDeck>false</IsDungeonDeck>
        <DeckId>b297e878-787e-43a9-8cf1-0f3bf51cb218</DeckId>
        <Name>Priest Face</Name>
        <Tags />
      </Deck>
    </DeckHistory>
    <Archived>false</Archived>
    <HsId>1731347694</HsId>
    <Note />
    <SelectedVersion>
      <Build>0</Build>
      <Major>1</Major>
      <Minor>1</Minor>
      <Revision>0</Revision>
    </SelectedVersion>
    <IsArenaDeck>false</IsArenaDeck>
    <IsDungeonDeck>false</IsDungeonDeck>
    <DeckId>d011ea35-9ca4-4cec-9503-13e153580502</DeckId>
    <Name>Priest Face</Name>
    <Tags />
  </Deck>
  <Deck>
    <Cards>
      <Card>
        <Id>CS1_130</Id>
        <Count>2</Count>
      </Card>
      <Card>
        <Id>DS1_233</Id>
        <Count>2</Count>
      </Card>
      <Card>
        <Id>UNG_034</Id>
        <Count>2</Count>
      </Card>
      <Card>
        <Id>CS2_234</Id>
        <Count>1</Count>
      </Card>
      <Card>
        <Id>ICC_802</Id>
        <Count>2</Count>
      </Card>
      <Card>
        <Id>UNG_029</Id>
        <Count>2</Count>
      </Card>
      <Card>
        <Id>LOOT_534</Id>
        <Count>2</Count>
      </Card>
      <Card>
        <Id>EX1_622</Id>
        <Count>1</Count>
      </Card>
      <Card>
        <Id>ICC_213</Id>
        <Count>2</Count>
      </Card>
      <Card>
        <Id>GIL_623</Id>
        <Count>1</Count>
      </Card>
      <Card>
        <Id>TRL_258</Id>
        <Count>2</Count>
      </Card>
      <Card>
        <Id>UNG_963</Id>
        <Count>1</Count>
      </Card>
      <Card>
        <Id>BOT_548</Id>
        <Count>1</Count>
      </Card>
      <Card>
        <Id>LOOT_507</Id>
        <Count>2</Count>
      </Card>
      <Card>
        <Id>EX1_350</Id>
        <Count>1</Count>
      </Card>
      <Card>
        <Id>LOOT_008</Id>
        <Count>2</Count>
      </Card>
      <Card>
        <Id>ICC_830</Id>
        <Count>1</Count>
      </Card>
      <Card>
        <Id>ICC_314</Id>
        <Count>1</Count>
      </Card>
      <Card>
        <Id>BOT_567</Id>
        <Count>1</Count>
      </Card>
      <Card>
        <Id>EX1_563</Id>
        <Count>1</Count>
      </Card>
    </Cards>
    <Class>Priest</Class>
    <LastEdited>2019-03-03T19:17:51.1281544+01:00</LastEdited>
    <MissingCards />
    <Url />
    <Version>
      <Build>0</Build>
      <Major>1</Major>
      <Minor>0</Minor>
      <Revision>0</Revision>
    </Version>
    <DeckHistory />
    <Archived>false</Archived>
    <HsId>1740769202</HsId>
    <Note />
    <SelectedVersion>
      <Build>0</Build>
      <Major>1</Major>
      <Minor>0</Minor>
      <Revision>0</Revision>
    </SelectedVersion>
    <IsArenaDeck>false</IsArenaDeck>
    <IsDungeonDeck>false</IsDungeonDeck>
    <DeckId>1f78c39e-9918-4f2f-8c17-d587f0f2401d</DeckId>
    <Name>zerek</Name>
    <Tags />
  </Deck>
  <Deck>
    <Cards>
      <Card>
        <Id>CS2_087</Id>
        <Count>2</Count>
      </Card>
      <Card>
        <Id>EX1_008</Id>
        <Count>2</Count>
      </Card>
      <Card>
        <Id>UNG_809</Id>
        <Count>2</Count>
      </Card>
      <Card>
        <Id>UNG_960</Id>
        <Count>2</Count>
      </Card>
      <Card>
        <Id>ICC_038</Id>
        <Count>2</Count>
      </Card>
      <Card>
        <Id>ICC_092</Id>
        <Count>1</Count>
      </Card>
      <Card>
        <Id>CS2_122</Id>
        <Count>2</Count>
      </Card>
      <Card>
        <Id>UNG_072</Id>
        <Count>2</Count>
      </Card>
      <Card>
        <Id>LOOT_398</Id>
        <Count>1</Count>
      </Card>
      <Card>
        <Id>EX1_349</Id>
        <Count>1</Count>
      </Card>
      <Card>
        <Id>LOOT_286</Id>
        <Count>2</Count>
      </Card>
      <Card>
        <Id>LOOT_167</Id>
        <Count>2</Count>
      </Card>
      <Card>
        <Id>LOOT_131</Id>
        <Count>1</Count>
      </Card>
      <Card>
        <Id>GIL_667</Id>
        <Count>1</Count>
      </Card>
      <Card>
        <Id>CS2_226</Id>
        <Count>2</Count>
      </Card>
      <Card>
        <Id>CS2_222</Id>
        <Count>1</Count>
      </Card>
      <Card>
        <Id>UNG_950</Id>
        <Count>2</Count>
      </Card>
      <Card>
        <Id>GIL_826</Id>
        <Count>1</Count>
      </Card>
      <Card>
        <Id>LOOT_137</Id>
        <Count>1</Count>
      </Card>
    </Cards>
    <Class>Paladin</Class>
    <LastEdited>2019-03-03T19:17:51.1291376+01:00</LastEdited>
    <MissingCards />
    <Url />
    <Version>
      <Build>0</Build>
      <Major>1</Major>
      <Minor>0</Minor>
      <Revision>0</Revision>
    </Version>
    <DeckHistory />
    <Archived>false</Archived>
    <HsId>1740249682</HsId>
    <Note />
    <SelectedVersion>
      <Build>0</Build>
      <Major>1</Major>
      <Minor>0</Minor>
      <Revision>0</Revision>
    </SelectedVersion>
    <IsArenaDeck>false</IsArenaDeck>
    <IsDungeonDeck>false</IsDungeonDeck>
    <DeckId>2cf4caf3-2781-43d9-9415-9b659230f9f3</DeckId>
    <Name>Mazzo Paladino</Name>
    <Tags />
  </Deck>
  <Deck>
    <Cards>
      <Card>
        <Id>LOOT_222</Id>
        <Count>2</Count>
      </Card>
      <Card>
        <Id>TRL_348</Id>
        <Count>2</Count>
      </Card>
      <Card>
        <Id>DS1_175</Id>
        <Count>2</Count>
      </Card>
      <Card>
        <Id>LOOT_258</Id>
        <Count>2</Count>
      </Card>
      <Card>
        <Id>DS1_184</Id>
        <Count>2</Count>
      </Card>
      <Card>
        <Id>UNG_915</Id>
        <Count>2</Count>
      </Card>
      <Card>
        <Id>EX1_531</Id>
        <Count>2</Count>
      </Card>
      <Card>
        <Id>CS2_084</Id>
        <Count>1</Count>
      </Card>
      <Card>
        <Id>NEW1_031</Id>
        <Count>2</Count>
      </Card>
      <Card>
        <Id>EX1_539</Id>
        <Count>2</Count>
      </Card>
      <Card>
        <Id>TRL_339</Id>
        <Count>2</Count>
      </Card>
      <Card>
        <Id>EX1_538</Id>
        <Count>2</Count>
      </Card>
      <Card>
        <Id>LOOT_077</Id>
        <Count>2</Count>
      </Card>
      <Card>
        <Id>DS1_178</Id>
        <Count>2</Count>
      </Card>
      <Card>
        <Id>EX1_534</Id>
        <Count>2</Count>
      </Card>
      <Card>
        <Id>ICC_828</Id>
        <Count>1</Count>
      </Card>
    </Cards>
    <Class>Hunter</Class>
    <LastEdited>2019-03-05T21:46:08.8378773+01:00</LastEdited>
    <MissingCards />
    <Url />
    <Version>
      <Build>0</Build>
      <Major>1</Major>
      <Minor>0</Minor>
      <Revision>0</Revision>
    </Version>
    <DeckHistory />
    <Archived>false</Archived>
    <HsId>1741856550</HsId>
    <Note />
    <SelectedVersion>
      <Build>0</Build>
      <Major>1</Major>
      <Minor>0</Minor>
      <Revision>0</Revision>
    </SelectedVersion>
    <IsArenaDeck>false</IsArenaDeck>
    <IsDungeonDeck>false</IsDungeonDeck>
    <DeckId>93d62679-836c-44b2-973b-f8719d6cb547</DeckId>
    <Name>Midrange Hunter</Name>
    <Tags />
  </Deck>
  <Deck>
    <Cards>
      <Card>
        <Id>LOOT_222</Id>
        <Count>2</Count>
      </Card>
      <Card>
        <Id>TRL_348</Id>
        <Count>2</Count>
      </Card>
      <Card>
        <Id>DS1_175</Id>
        <Count>2</Count>
      </Card>
      <Card>
        <Id>LOOT_258</Id>
        <Count>2</Count>
      </Card>
      <Card>
        <Id>DS1_184</Id>
        <Count>2</Count>
      </Card>
      <Card>
        <Id>UNG_915</Id>
        <Count>2</Count>
      </Card>
      <Card>
        <Id>EX1_531</Id>
        <Count>2</Count>
      </Card>
      <Card>
        <Id>CS2_084</Id>
        <Count>1</Count>
      </Card>
      <Card>
        <Id>NEW1_031</Id>
        <Count>2</Count>
      </Card>
      <Card>
        <Id>EX1_539</Id>
        <Count>2</Count>
      </Card>
      <Card>
        <Id>TRL_339</Id>
        <Count>2</Count>
      </Card>
      <Card>
        <Id>EX1_538</Id>
        <Count>2</Count>
      </Card>
      <Card>
        <Id>LOOT_077</Id>
        <Count>2</Count>
      </Card>
      <Card>
        <Id>GIL_828</Id>
        <Count>2</Count>
      </Card>
      <Card>
        <Id>DS1_178</Id>
        <Count>2</Count>
      </Card>
      <Card>
        <Id>ICC_828</Id>
        <Count>1</Count>
      </Card>
    </Cards>
    <Class>Hunter</Class>
    <LastEdited>2019-03-10T21:55:29.9068186+01:00</LastEdited>
    <MissingCards />
    <Url />
    <Version>
      <Build>0</Build>
      <Major>1</Major>
      <Minor>0</Minor>
      <Revision>0</Revision>
    </Version>
    <DeckHistory />
    <Archived>false</Archived>
    <HsId>1744629781</HsId>
    <Note />
    <SelectedVersion>
      <Build>0</Build>
      <Major>1</Major>
      <Minor>0</Minor>
      <Revision>0</Revision>
    </SelectedVersion>
    <IsArenaDeck>false</IsArenaDeck>
    <IsDungeonDeck>false</IsDungeonDeck>
    <DeckId>f61923cb-1bfe-4e13-8fe1-e3add1965648</DeckId>
    <Name>Mazzo Cacciatore2</Name>
    <Tags />
  </Deck>
  <Deck>
    <Cards>
      <Card>
        <Id>TRL_243</Id>
        <Count>2</Count>
      </Card>
      <Card>
        <Id>CS2_008</Id>
        <Count>2</Count>
      </Card>
      <Card>
        <Id>EX1_169</Id>
        <Count>2</Count>
      </Card>
      <Card>
        <Id>LOOT_051</Id>
        <Count>2</Count>
      </Card>
      <Card>
        <Id>EX1_161</Id>
        <Count>2</Count>
      </Card>
      <Card>
        <Id>LOOT_047</Id>
        <Count>2</Count>
      </Card>
      <Card>
        <Id>BOT_054</Id>
        <Count>2</Count>
      </Card>
      <Card>
        <Id>UNG_108</Id>
        <Count>2</Count>
      </Card>
      <Card>
        <Id>EX1_154</Id>
        <Count>2</Count>
      </Card>
      <Card>
        <Id>NEW1_020</Id>
        <Count>2</Count>
      </Card>
      <Card>
        <Id>EX1_007</Id>
        <Count>2</Count>
      </Card>
      <Card>
        <Id>GIL_637</Id>
        <Count>2</Count>
      </Card>
      <Card>
        <Id>LOOT_309</Id>
        <Count>1</Count>
      </Card>
      <Card>
        <Id>LOOT_054</Id>
        <Count>2</Count>
      </Card>
      <Card>
        <Id>EX1_095</Id>
        <Count>2</Count>
      </Card>
      <Card>
        <Id>BOT_424</Id>
        <Count>1</Count>
      </Card>
    </Cards>
    <Class>Druid</Class>
    <LastEdited>2019-03-10T21:55:29.907816+01:00</LastEdited>
    <MissingCards />
    <Url />
    <Version>
      <Build>0</Build>
      <Major>1</Major>
      <Minor>0</Minor>
      <Revision>0</Revision>
    </Version>
    <DeckHistory />
    <Archived>false</Archived>
    <HsId>1744678769</HsId>
    <Note />
    <SelectedVersion>
      <Build>0</Build>
      <Major>1</Major>
      <Minor>0</Minor>
      <Revision>0</Revision>
    </SelectedVersion>
    <IsArenaDeck>false</IsArenaDeck>
    <IsDungeonDeck>false</IsDungeonDeck>
    <DeckId>4e11587a-7d5a-44f9-bc5c-55527783f0e5</DeckId>
    <Name>Mazzo Druido2</Name>
    <Tags />
  </Deck>
  <Deck>
    <Cards>
      <Card>
        <Id>EX1_169</Id>
        <Count>2</Count>
      </Card>
      <Card>
        <Id>LOOT_051</Id>
        <Count>1</Count>
      </Card>
      <Card>
        <Id>EX1_161</Id>
        <Count>2</Count>
      </Card>
      <Card>
        <Id>EX1_154</Id>
        <Count>2</Count>
      </Card>
      <Card>
        <Id>CS2_013</Id>
        <Count>2</Count>
      </Card>
      <Card>
        <Id>LOOT_351</Id>
        <Count>1</Count>
      </Card>
      <Card>
        <Id>ICC_901</Id>
        <Count>1</Count>
      </Card>
      <Card>
        <Id>UNG_113</Id>
        <Count>1</Count>
      </Card>
      <Card>
        <Id>BOT_434</Id>
        <Count>1</Count>
      </Card>
      <Card>
        <Id>LOOT_054</Id>
        <Count>1</Count>
      </Card>
      <Card>
        <Id>CS2_012</Id>
        <Count>2</Count>
      </Card>
      <Card>
        <Id>ICC_054</Id>
        <Count>1</Count>
      </Card>
      <Card>
        <Id>EX1_164</Id>
        <Count>2</Count>
      </Card>
      <Card>
        <Id>ICC_832</Id>
        <Count>1</Count>
      </Card>
      <Card>
        <Id>UNG_848</Id>
        <Count>2</Count>
      </Card>
      <Card>
        <Id>ICC_314</Id>
        <Count>1</Count>
      </Card>
      <Card>
        <Id>LOOT_540</Id>
        <Count>2</Count>
      </Card>
      <Card>
        <Id>LOOT_137</Id>
        <Count>2</Count>
      </Card>
      <Card>
        <Id>ICC_835</Id>
        <Count>1</Count>
      </Card>
      <Card>
        <Id>LOOT_521</Id>
        <Count>1</Count>
      </Card>
      <Card>
        <Id>EX1_572</Id>
        <Count>1</Count>
      </Card>
    </Cards>
    <Class>Druid</Class>
    <LastEdited>2019-03-14T18:44:49.3466719+01:00</LastEdited>
    <MissingCards />
    <Url />
    <Version>
      <Build>0</Build>
      <Major>1</Major>
      <Minor>0</Minor>
      <Revision>0</Revision>
    </Version>
    <DeckHistory />
    <Archived>false</Archived>
    <HsId>1747593983</HsId>
    <Note />
    <SelectedVersion>
      <Build>0</Build>
      <Major>1</Major>
      <Minor>0</Minor>
      <Revision>0</Revision>
    </SelectedVersion>
    <IsArenaDeck>false</IsArenaDeck>
    <IsDungeonDeck>false</IsDungeonDeck>
    <DeckId>243d6cdb-6d11-4c5a-8245-0079fde4f70e</DeckId>
    <Name>big</Name>
    <Tags />
  </Deck>
  <Deck>
    <Cards>
      <Card>
        <Id>LOOT_014</Id>
        <Count>2</Count>
      </Card>
      <Card>
        <Id>EX1_302</Id>
        <Count>1</Count>
      </Card>
      <Card>
        <Id>ICC_407</Id>
        <Count>2</Count>
      </Card>
      <Card>
        <Id>EX1_066</Id>
        <Count>1</Count>
      </Card>
      <Card>
        <Id>ICC_041</Id>
        <Count>2</Count>
      </Card>
      <Card>
        <Id>EX1_012</Id>
        <Count>1</Count>
      </Card>
      <Card>
        <Id>NEW1_021</Id>
        <Count>2</Count>
      </Card>
      <Card>
        <Id>ICC_218</Id>
        <Count>1</Count>
      </Card>
      <Card>
        <Id>UNG_072</Id>
        <Count>2</Count>
      </Card>
      <Card>
        <Id>ICC_206</Id>
        <Count>1</Count>
      </Card>
      <Card>
        <Id>LOOT_043</Id>
        <Count>2</Count>
      </Card>
      <Card>
        <Id>CS2_062</Id>
        <Count>2</Count>
      </Card>
      <Card>
        <Id>ICC_075</Id>
        <Count>2</Count>
      </Card>
      <Card>
        <Id>LOOT_420</Id>
        <Count>1</Count>
      </Card>
      <Card>
        <Id>BOT_548</Id>
        <Count>1</Count>
      </Card>
      <Card>
        <Id>LOOT_415</Id>
        <Count>1</Count>
      </Card>
      <Card>
        <Id>EX1_309</Id>
        <Count>1</Count>
      </Card>
      <Card>
        <Id>GIL_825</Id>
        <Count>1</Count>
      </Card>
      <Card>
        <Id>ICC_314</Id>
        <Count>1</Count>
      </Card>
      <Card>
        <Id>LOOT_368</Id>
        <Count>2</Count>
      </Card>
      <Card>
        <Id>ICC_831</Id>
        <Count>1</Count>
      </Card>
    </Cards>
    <Class>Warlock</Class>
    <LastEdited>2019-03-22T21:32:48.1965489+01:00</LastEdited>
    <MissingCards />
    <Url />
    <Version>
      <Build>0</Build>
      <Major>1</Major>
      <Minor>0</Minor>
      <Revision>0</Revision>
    </Version>
    <DeckHistory />
    <Archived>false</Archived>
    <HsId>1748273809</HsId>
    <Note />
    <SelectedVersion>
      <Build>0</Build>
      <Major>1</Major>
      <Minor>0</Minor>
      <Revision>0</Revision>
    </SelectedVersion>
    <IsArenaDeck>false</IsArenaDeck>
    <IsDungeonDeck>false</IsDungeonDeck>
    <DeckId>d46b2b29-9a5e-4f99-966b-7609e1510f10</DeckId>
    <Name>Mazzo Stregone2</Name>
    <Tags />
  </Deck>
  <Deck>
    <Cards>
      <Card>
        <Id>UNG_856</Id>
        <Count>2</Count>
      </Card>
      <Card>
        <Id>UNG_009</Id>
        <Count>2</Count>
      </Card>
      <Card>
        <Id>UNG_818</Id>
        <Count>2</Count>
      </Card>
      <Card>
        <Id>UNG_808</Id>
        <Count>2</Count>
      </Card>
      <Card>
        <Id>LOOT_204</Id>
        <Count>1</Count>
      </Card>
      <Card>
        <Id>LOOT_413</Id>
        <Count>2</Count>
      </Card>
      <Card>
        <Id>LOOT_210</Id>
        <Count>2</Count>
      </Card>
      <Card>
        <Id>UNG_060</Id>
        <Count>2</Count>
      </Card>
      <Card>
        <Id>LOOT_388</Id>
        <Count>2</Count>
      </Card>
      <Card>
        <Id>LOOT_412</Id>
        <Count>2</Count>
      </Card>
      <Card>
        <Id>LOOT_211</Id>
        <Count>2</Count>
      </Card>
      <Card>
        <Id>LOOT_131</Id>
        <Count>1</Count>
      </Card>
      <Card>
        <Id>UNG_064</Id>
        <Count>2</Count>
      </Card>
      <Card>
        <Id>LOOT_357</Id>
        <Count>1</Count>
      </Card>
      <Card>
        <Id>ICC_314</Id>
        <Count>1</Count>
      </Card>
      <Card>
        <Id>LOOT_153</Id>
        <Count>2</Count>
      </Card>
      <Card>
        <Id>LOOT_137</Id>
        <Count>2</Count>
      </Card>
    </Cards>
    <Class>Rogue</Class>
    <LastEdited>2019-03-29T21:35:15.8811765+01:00</LastEdited>
    <MissingCards />
    <Url />
    <Version>
      <Build>0</Build>
      <Major>1</Major>
      <Minor>0</Minor>
      <Revision>0</Revision>
    </Version>
    <DeckHistory />
    <Archived>false</Archived>
    <HsId>1756554202</HsId>
    <Note />
    <SelectedVersion>
      <Build>0</Build>
      <Major>1</Major>
      <Minor>0</Minor>
      <Revision>0</Revision>
    </SelectedVersion>
    <IsArenaDeck>false</IsArenaDeck>
    <IsDungeonDeck>false</IsDungeonDeck>
    <DeckId>fada38b6-c0b7-47b4-b797-ccbbb013943a</DeckId>
    <Name>Brawl 29-03 21:35</Name>
    <Tags>
      <Tag>Brawl</Tag>
    </Tags>
  </Deck>
  <LastDeckClass>
    <DeckInfo>
      <Class>Shaman</Class>
      <Id>8e5fe82d-2886-4751-b6f4-00982eb12345</Id>
      <Name>Custom Shaman</Name>
    </DeckInfo>
    <DeckInfo>
      <Class>Paladin</Class>
      <Id>fccecc43-ed90-4eec-a9fc-3cffb35f6a8f</Id>
      <Name>Custom Paladin</Name>
    </DeckInfo>
    <DeckInfo>
      <Class>Mage</Class>
      <Id>1d5b7e1b-8d6d-4a79-a320-aa8e37a0f1ed</Id>
      <Name>Aggro Mage</Name>
    </DeckInfo>
    <DeckInfo>
      <Class>Druid</Class>
      <Id>9ad1ecc4-6a91-403c-a968-b7a8b32a2dde</Id>
      <Name>Undatakah Druid</Name>
    </DeckInfo>
  </LastDeckClass>
</Decks>