<?xml version="1.0" encoding="utf-8"?>
<Decks xmlns:xsi="http://www.w3.org/2001/XMLSchema-instance" xmlns:xsd="http://www.w3.org/2001/XMLSchema">
  <Tags>
    <Tag>All</Tag>
    <Tag>None</Tag>
    <Tag>Favorite</Tag>
    <Tag>Ranked Deck</Tag>
  </Tags>
  <Deck>
    <Cards>
      <Card>
        <Id>EX1_595</Id>
        <Count>1</Count>
      </Card>
      <Card>
        <Id>TRL_363</Id>
        <Count>1</Count>
      </Card>
      <Card>
        <Id>DAL_732</Id>
        <Count>1</Count>
      </Card>
      <Card>
        <Id>DAL_256</Id>
        <Count>1</Count>
      </Card>
      <Card>
        <Id>EX1_160</Id>
        <Count>2</Count>
      </Card>
      <Card>
        <Id>CS2_011</Id>
        <Count>2</Count>
      </Card>
      <Card>
        <Id>EX1_008</Id>
        <Count>2</Count>
      </Card>
      <Card>
        <Id>EX1_154</Id>
        <Count>2</Count>
      </Card>
      <Card>
        <Id>EX1_162</Id>
        <Count>2</Count>
      </Card>
      <Card>
        <Id>NEW1_019</Id>
        <Count>2</Count>
      </Card>
      <Card>
        <Id>BOT_445</Id>
        <Count>2</Count>
      </Card>
      <Card>
        <Id>TRL_503</Id>
        <Count>2</Count>
      </Card>
      <Card>
        <Id>DAL_350</Id>
        <Count>2</Count>
      </Card>
      <Card>
        <Id>DAL_351</Id>
        <Count>2</Count>
      </Card>
      <Card>
        <Id>DAL_354</Id>
        <Count>2</Count>
      </Card>
      <Card>
        <Id>DAL_733</Id>
        <Count>2</Count>
      </Card>
      <Card>
        <Id>DAL_773</Id>
        <Count>2</Count>
      </Card>
    </Cards>
    <Class>Druid</Class>
    <LastEdited>2019-04-10T21:44:36.5567368+02:00</LastEdited>
    <MissingCards />
    <Url />
    <Version>
      <Build>0</Build>
      <Major>1</Major>
      <Minor>0</Minor>
      <Revision>0</Revision>
    </Version>
    <DeckHistory />
    <Archived>false</Archived>
    <HsId>1765769170</HsId>
    <Note />
    <SelectedVersion>
      <Build>0</Build>
      <Major>1</Major>
      <Minor>0</Minor>
      <Revision>0</Revision>
    </SelectedVersion>
    <IsArenaDeck>false</IsArenaDeck>
    <IsDungeonDeck>false</IsDungeonDeck>
    <DeckId>48344fdd-601a-45d1-ade8-9a64a5e82828</DeckId>
    <Name>Aggro</Name>
    <Tags />
  </Deck>
  <Deck>
    <Cards>
      <Card>
        <Id>EX1_558</Id>
        <Count>1</Count>
      </Card>
      <Card>
        <Id>EX1_391</Id>
        <Count>1</Count>
      </Card>
      <Card>
        <Id>GIL_547</Id>
        <Count>1</Count>
      </Card>
      <Card>
        <Id>GIL_803</Id>
        <Count>1</Count>
      </Card>
      <Card>
        <Id>GIL_815</Id>
        <Count>1</Count>
      </Card>
      <Card>
        <Id>BOT_238</Id>
        <Count>1</Count>
      </Card>
      <Card>
        <Id>BOT_406</Id>
        <Count>1</Count>
      </Card>
      <Card>
        <Id>BOT_548</Id>
        <Count>1</Count>
      </Card>
      <Card>
        <Id>DAL_736</Id>
        <Count>1</Count>
      </Card>
      <Card>
        <Id>DAL_770</Id>
        <Count>1</Count>
      </Card>
      <Card>
        <Id>EX1_407</Id>
        <Count>2</Count>
      </Card>
      <Card>
        <Id>EX1_410</Id>
        <Count>2</Count>
      </Card>
      <Card>
        <Id>CS2_108</Id>
        <Count>2</Count>
      </Card>
      <Card>
        <Id>EX1_606</Id>
        <Count>2</Count>
      </Card>
      <Card>
        <Id>GIL_580</Id>
        <Count>2</Count>
      </Card>
      <Card>
        <Id>GIL_654</Id>
        <Count>2</Count>
      </Card>
      <Card>
        <Id>BOT_042</Id>
        <Count>2</Count>
      </Card>
      <Card>
        <Id>BOT_299</Id>
        <Count>2</Count>
      </Card>
      <Card>
        <Id>BOT_104</Id>
        <Count>2</Count>
      </Card>
      <Card>
        <Id>DAL_058</Id>
        <Count>2</Count>
      </Card>
    </Cards>
    <Class>Warrior</Class>
    <LastEdited>2019-04-11T18:24:20.6169785+02:00</LastEdited>
    <MissingCards />
    <Url />
    <Version>
      <Build>0</Build>
      <Major>1</Major>
      <Minor>0</Minor>
      <Revision>0</Revision>
    </Version>
    <DeckHistory />
    <Archived>false</Archived>
    <HsId>1767657917</HsId>
    <Note />
    <SelectedVersion>
      <Build>0</Build>
      <Major>1</Major>
      <Minor>0</Minor>
      <Revision>0</Revision>
    </SelectedVersion>
    <IsArenaDeck>false</IsArenaDeck>
    <IsDungeonDeck>false</IsDungeonDeck>
    <DeckId>6c5b438c-5d51-4be2-99b3-50346ef25cf0</DeckId>
    <Name>Control warrior</Name>
    <Tags />
  </Deck>
  <Deck>
    <Cards>
      <Card>
        <Id>EX1_621</Id>
        <Count>2</Count>
      </Card>
      <Card>
        <Id>EX1_332</Id>
        <Count>2</Count>
      </Card>
      <Card>
        <Id>CS2_235</Id>
        <Count>2</Count>
      </Card>
      <Card>
        <Id>CS1_129</Id>
        <Count>2</Count>
      </Card>
      <Card>
        <Id>DAL_544</Id>
        <Count>2</Count>
      </Card>
      <Card>
        <Id>CS2_004</Id>
        <Count>2</Count>
      </Card>
      <Card>
        <Id>DAL_735</Id>
        <Count>2</Count>
      </Card>
      <Card>
        <Id>EX1_045</Id>
        <Count>2</Count>
      </Card>
      <Card>
        <Id>GIL_661</Id>
        <Count>1</Count>
      </Card>
      <Card>
        <Id>NEW1_020</Id>
        <Count>2</Count>
      </Card>
      <Card>
        <Id>CS2_236</Id>
        <Count>2</Count>
      </Card>
      <Card>
        <Id>DAL_744</Id>
        <Count>2</Count>
      </Card>
      <Card>
        <Id>DAL_434</Id>
        <Count>2</Count>
      </Card>
      <Card>
        <Id>DAL_065</Id>
        <Count>2</Count>
      </Card>
      <Card>
        <Id>DAL_040</Id>
        <Count>2</Count>
      </Card>
      <Card>
        <Id>TRL_564</Id>
        <Count>1</Count>
      </Card>
    </Cards>
    <Class>Priest</Class>
    <LastEdited>2019-04-11T18:32:58.8019957+02:00</LastEdited>
    <MissingCards />
    <Url />
    <Version>
      <Build>0</Build>
      <Major>1</Major>
      <Minor>0</Minor>
      <Revision>0</Revision>
    </Version>
    <DeckHistory />
    <Archived>false</Archived>
    <HsId>1765463138</HsId>
    <Note />
    <SelectedVersion>
      <Build>0</Build>
      <Major>1</Major>
      <Minor>0</Minor>
      <Revision>0</Revision>
    </SelectedVersion>
    <IsArenaDeck>false</IsArenaDeck>
    <IsDungeonDeck>false</IsDungeonDeck>
    <DeckId>5c86f246-1dfc-4700-8e14-969f60ad719e</DeckId>
    <Name>Silent Priest</Name>
    <Tags />
  </Deck>
  <Deck>
    <Cards>
      <Card>
        <Id>TRL_012</Id>
        <Count>2</Count>
      </Card>
      <Card>
        <Id>CS2_045</Id>
        <Count>1</Count>
      </Card>
      <Card>
        <Id>CS2_039</Id>
        <Count>1</Count>
      </Card>
      <Card>
        <Id>CS2_038</Id>
        <Count>2</Count>
      </Card>
      <Card>
        <Id>TRL_082</Id>
        <Count>2</Count>
      </Card>
      <Card>
        <Id>CS2_053</Id>
        <Count>2</Count>
      </Card>
      <Card>
        <Id>EX1_259</Id>
        <Count>2</Count>
      </Card>
      <Card>
        <Id>TRL_058</Id>
        <Count>2</Count>
      </Card>
      <Card>
        <Id>EX1_246</Id>
        <Count>2</Count>
      </Card>
      <Card>
        <Id>DAL_052</Id>
        <Count>2</Count>
      </Card>
      <Card>
        <Id>DAL_009</Id>
        <Count>2</Count>
      </Card>
      <Card>
        <Id>BOT_548</Id>
        <Count>1</Count>
      </Card>
      <Card>
        <Id>BOT_099</Id>
        <Count>2</Count>
      </Card>
      <Card>
        <Id>NEW1_010</Id>
        <Count>1</Count>
      </Card>
      <Card>
        <Id>DAL_047</Id>
        <Count>2</Count>
      </Card>
      <Card>
        <Id>GIL_504</Id>
        <Count>1</Count>
      </Card>
      <Card>
        <Id>DAL_742</Id>
        <Count>1</Count>
      </Card>
      <Card>
        <Id>EX1_572</Id>
        <Count>1</Count>
      </Card>
      <Card>
        <Id>DAL_553</Id>
        <Count>1</Count>
      </Card>
    </Cards>
    <Class>Shaman</Class>
    <LastEdited>2019-04-11T18:32:58.8029933+02:00</LastEdited>
    <MissingCards />
    <Url />
    <Version>
      <Build>0</Build>
      <Major>1</Major>
      <Minor>0</Minor>
      <Revision>0</Revision>
    </Version>
    <DeckHistory />
    <Archived>false</Archived>
    <HsId>1765470261</HsId>
    <Note />
    <SelectedVersion>
      <Build>0</Build>
      <Major>1</Major>
      <Minor>0</Minor>
      <Revision>0</Revision>
    </SelectedVersion>
    <IsArenaDeck>false</IsArenaDeck>
    <IsDungeonDeck>false</IsDungeonDeck>
    <DeckId>d949a8ea-63f1-4689-b139-df1f4ce1cf9e</DeckId>
    <Name>Super WindFury OTK Shama</Name>
    <Tags />
  </Deck>
  <Deck>
    <Cards>
      <Card>
        <Id>BOT_299</Id>
        <Count>2</Count>
      </Card>
      <Card>
        <Id>BOT_059</Id>
        <Count>2</Count>
      </Card>
      <Card>
        <Id>GIL_580</Id>
        <Count>2</Count>
      </Card>
      <Card>
        <Id>EX1_391</Id>
        <Count>2</Count>
      </Card>
      <Card>
        <Id>EX1_096</Id>
        <Count>2</Count>
      </Card>
      <Card>
        <Id>GIL_654</Id>
        <Count>2</Count>
      </Card>
      <Card>
        <Id>BOT_559</Id>
        <Count>2</Count>
      </Card>
      <Card>
        <Id>DAL_060</Id>
        <Count>2</Count>
      </Card>
      <Card>
        <Id>GIL_113</Id>
        <Count>1</Count>
      </Card>
      <Card>
        <Id>DAL_770</Id>
        <Count>2</Count>
      </Card>
      <Card>
        <Id>DAL_063</Id>
        <Count>2</Count>
      </Card>
      <Card>
        <Id>NEW1_024</Id>
        <Count>1</Count>
      </Card>
      <Card>
        <Id>GIL_547</Id>
        <Count>1</Count>
      </Card>
      <Card>
        <Id>BOT_104</Id>
        <Count>2</Count>
      </Card>
      <Card>
        <Id>EX1_407</Id>
        <Count>2</Count>
      </Card>
      <Card>
        <Id>BOT_548</Id>
        <Count>1</Count>
      </Card>
      <Card>
        <Id>DAL_064</Id>
        <Count>1</Count>
      </Card>
      <Card>
        <Id>BOT_238</Id>
        <Count>1</Count>
      </Card>
    </Cards>
    <Class>Warrior</Class>
    <LastEdited>2019-04-11T18:32:58.8039907+02:00</LastEdited>
    <MissingCards />
    <Url />
    <Version>
      <Build>0</Build>
      <Major>1</Major>
      <Minor>0</Minor>
      <Revision>0</Revision>
    </Version>
    <DeckHistory />
    <Archived>false</Archived>
    <HsId>1765475630</HsId>
    <Note />
    <SelectedVersion>
      <Build>0</Build>
      <Major>1</Major>
      <Minor>0</Minor>
      <Revision>0</Revision>
    </SelectedVersion>
    <IsArenaDeck>false</IsArenaDeck>
    <IsDungeonDeck>false</IsDungeonDeck>
    <DeckId>caff4e57-1d87-4b34-82ac-b9f81c0a5d55</DeckId>
    <Name>Boom Warrior</Name>
    <Tags />
  </Deck>
  <Deck>
    <Cards>
      <Card>
        <Id>DAL_354</Id>
        <Count>2</Count>
      </Card>
      <Card>
        <Id>DAL_732</Id>
        <Count>1</Count>
      </Card>
      <Card>
        <Id>DAL_733</Id>
        <Count>2</Count>
      </Card>
      <Card>
        <Id>EX1_154</Id>
        <Count>2</Count>
      </Card>
      <Card>
        <Id>DAL_352</Id>
        <Count>2</Count>
      </Card>
      <Card>
        <Id>EX1_160</Id>
        <Count>2</Count>
      </Card>
      <Card>
        <Id>DAL_400</Id>
        <Count>2</Count>
      </Card>
      <Card>
        <Id>DAL_351</Id>
        <Count>2</Count>
      </Card>
      <Card>
        <Id>BOT_420</Id>
        <Count>2</Count>
      </Card>
      <Card>
        <Id>CS2_011</Id>
        <Count>2</Count>
      </Card>
      <Card>
        <Id>EX1_158</Id>
        <Count>2</Count>
      </Card>
      <Card>
        <Id>DAL_558</Id>
        <Count>1</Count>
      </Card>
      <Card>
        <Id>GIL_553</Id>
        <Count>2</Count>
      </Card>
      <Card>
        <Id>TRL_254</Id>
        <Count>2</Count>
      </Card>
      <Card>
        <Id>CS2_012</Id>
        <Count>2</Count>
      </Card>
      <Card>
        <Id>DAL_256</Id>
        <Count>2</Count>
      </Card>
    </Cards>
    <Class>Druid</Class>
    <LastEdited>2019-04-11T18:32:58.8039907+02:00</LastEdited>
    <MissingCards />
    <Url />
    <Version>
      <Build>0</Build>
      <Major>1</Major>
      <Minor>0</Minor>
      <Revision>0</Revision>
    </Version>
    <DeckHistory />
    <Archived>false</Archived>
    <HsId>1765731477</HsId>
    <Note />
    <SelectedVersion>
      <Build>0</Build>
      <Major>1</Major>
      <Minor>0</Minor>
      <Revision>0</Revision>
    </SelectedVersion>
    <IsArenaDeck>false</IsArenaDeck>
    <IsDungeonDeck>false</IsDungeonDeck>
    <DeckId>5fcec3df-4f26-48de-93c6-9c8c1bb30948</DeckId>
    <Name>Mazzo Druido</Name>
    <Tags />
  </Deck>
  <Deck>
    <Cards>
      <Card>
        <Id>DAL_354</Id>
        <Count>2</Count>
      </Card>
      <Card>
        <Id>DAL_732</Id>
        <Count>1</Count>
      </Card>
      <Card>
        <Id>DAL_733</Id>
        <Count>2</Count>
      </Card>
      <Card>
        <Id>EX1_154</Id>
        <Count>2</Count>
      </Card>
      <Card>
        <Id>DAL_352</Id>
        <Count>1</Count>
      </Card>
      <Card>
        <Id>EX1_160</Id>
        <Count>2</Count>
      </Card>
      <Card>
        <Id>DAL_400</Id>
        <Count>2</Count>
      </Card>
      <Card>
        <Id>DAL_351</Id>
        <Count>2</Count>
      </Card>
      <Card>
        <Id>BOT_420</Id>
        <Count>2</Count>
      </Card>
      <Card>
        <Id>CS2_011</Id>
        <Count>2</Count>
      </Card>
      <Card>
        <Id>EX1_158</Id>
        <Count>2</Count>
      </Card>
      <Card>
        <Id>DAL_558</Id>
        <Count>1</Count>
      </Card>
      <Card>
        <Id>GIL_553</Id>
        <Count>1</Count>
      </Card>
      <Card>
        <Id>TRL_254</Id>
        <Count>2</Count>
      </Card>
      <Card>
        <Id>CS2_012</Id>
        <Count>2</Count>
      </Card>
      <Card>
        <Id>BOT_422</Id>
        <Count>1</Count>
      </Card>
      <Card>
        <Id>DAL_256</Id>
        <Count>2</Count>
      </Card>
      <Card>
        <Id>BOT_523</Id>
        <Count>1</Count>
      </Card>
    </Cards>
    <Class>Druid</Class>
    <LastEdited>2019-04-15T20:17:36.1113555+02:00</LastEdited>
    <MissingCards />
    <Url />
    <Version>
      <Build>0</Build>
      <Major>1</Major>
      <Minor>1</Minor>
      <Revision>0</Revision>
    </Version>
    <DeckHistory>
      <Deck>
        <Cards>
          <Card>
            <Id>DAL_354</Id>
            <Count>2</Count>
          </Card>
          <Card>
            <Id>DAL_732</Id>
            <Count>1</Count>
          </Card>
          <Card>
            <Id>DAL_733</Id>
            <Count>2</Count>
          </Card>
          <Card>
            <Id>EX1_154</Id>
            <Count>2</Count>
          </Card>
          <Card>
            <Id>DAL_352</Id>
            <Count>2</Count>
          </Card>
          <Card>
            <Id>EX1_160</Id>
            <Count>2</Count>
          </Card>
          <Card>
            <Id>DAL_400</Id>
            <Count>2</Count>
          </Card>
          <Card>
            <Id>DAL_351</Id>
            <Count>2</Count>
          </Card>
          <Card>
            <Id>BOT_420</Id>
            <Count>2</Count>
          </Card>
          <Card>
            <Id>CS2_011</Id>
            <Count>2</Count>
          </Card>
          <Card>
            <Id>EX1_158</Id>
            <Count>2</Count>
          </Card>
          <Card>
            <Id>DAL_558</Id>
            <Count>1</Count>
          </Card>
          <Card>
            <Id>GIL_553</Id>
            <Count>2</Count>
          </Card>
          <Card>
            <Id>TRL_254</Id>
            <Count>2</Count>
          </Card>
          <Card>
            <Id>CS2_012</Id>
            <Count>2</Count>
          </Card>
          <Card>
            <Id>DAL_256</Id>
            <Count>2</Count>
          </Card>
        </Cards>
        <Class>Druid</Class>
        <LastEdited>2019-04-11T18:32:58.8129662+02:00</LastEdited>
        <MissingCards />
        <Url />
        <Version>
          <Build>0</Build>
          <Major>1</Major>
          <Minor>0</Minor>
          <Revision>0</Revision>
        </Version>
        <DeckHistory />
        <Archived>false</Archived>
        <HsId>1767019049</HsId>
        <Note />
        <SelectedVersion>
          <Build>0</Build>
          <Major>1</Major>
          <Minor>0</Minor>
          <Revision>0</Revision>
        </SelectedVersion>
        <IsArenaDeck>false</IsArenaDeck>
        <IsDungeonDeck>false</IsDungeonDeck>
        <DeckId>cb5ad94e-cc6a-4d24-9114-2609a7ce1ff4</DeckId>
        <Name>Mazzo Druido3</Name>
        <Tags />
      </Deck>
    </DeckHistory>
    <Archived>false</Archived>
    <HsId>1767019049</HsId>
    <Note />
    <SelectedVersion>
      <Build>0</Build>
      <Major>1</Major>
      <Minor>1</Minor>
      <Revision>0</Revision>
    </SelectedVersion>
    <IsArenaDeck>false</IsArenaDeck>
    <IsDungeonDeck>false</IsDungeonDeck>
    <DeckId>29ca9457-04a6-48e5-9f67-1770e0ec198c</DeckId>
    <Name>Mazzo Druido3</Name>
    <Tags />
  </Deck>
  <Deck>
    <Cards>
      <Card>
        <Id>BOT_299</Id>
        <Count>2</Count>
      </Card>
      <Card>
        <Id>EX1_410</Id>
        <Count>2</Count>
      </Card>
      <Card>
        <Id>EX1_391</Id>
        <Count>2</Count>
      </Card>
      <Card>
        <Id>CS2_108</Id>
        <Count>2</Count>
      </Card>
      <Card>
        <Id>BOT_042</Id>
        <Count>2</Count>
      </Card>
      <Card>
        <Id>GIL_654</Id>
        <Count>2</Count>
      </Card>
      <Card>
        <Id>EX1_007</Id>
        <Count>2</Count>
      </Card>
      <Card>
        <Id>CS2_203</Id>
        <Count>1</Count>
      </Card>
      <Card>
        <Id>EX1_606</Id>
        <Count>2</Count>
      </Card>
      <Card>
        <Id>DAL_770</Id>
        <Count>1</Count>
      </Card>
      <Card>
        <Id>DAL_058</Id>
        <Count>2</Count>
      </Card>
      <Card>
        <Id>BOT_406</Id>
        <Count>1</Count>
      </Card>
      <Card>
        <Id>BOT_104</Id>
        <Count>2</Count>
      </Card>
      <Card>
        <Id>EX1_558</Id>
        <Count>1</Count>
      </Card>
      <Card>
        <Id>EX1_407</Id>
        <Count>2</Count>
      </Card>
      <Card>
        <Id>BOT_548</Id>
        <Count>1</Count>
      </Card>
      <Card>
        <Id>DAL_538</Id>
        <Count>1</Count>
      </Card>
      <Card>
        <Id>BOT_238</Id>
        <Count>1</Count>
      </Card>
      <Card>
        <Id>DAL_736</Id>
        <Count>1</Count>
      </Card>
    </Cards>
    <Class>Warrior</Class>
    <LastEdited>2019-04-15T20:17:36.1133505+02:00</LastEdited>
    <MissingCards />
    <Url />
    <Version>
      <Build>0</Build>
      <Major>1</Major>
      <Minor>0</Minor>
      <Revision>0</Revision>
    </Version>
    <DeckHistory />
    <Archived>false</Archived>
    <HsId>1770579339</HsId>
    <Note />
    <SelectedVersion>
      <Build>0</Build>
      <Major>1</Major>
      <Minor>0</Minor>
      <Revision>0</Revision>
    </SelectedVersion>
    <IsArenaDeck>false</IsArenaDeck>
    <IsDungeonDeck>false</IsDungeonDeck>
    <DeckId>87ddf1f1-c686-4e84-9eb0-c38b59df07ad</DeckId>
    <Name>Mazzo Guerriero</Name>
    <Tags />
  </Deck>
  <Deck>
    <Cards>
      <Card>
        <Id>TRL_390</Id>
        <Count>2</Count>
      </Card>
      <Card>
        <Id>CS2_024</Id>
        <Count>2</Count>
      </Card>
      <Card>
        <Id>DAL_575</Id>
        <Count>1</Count>
      </Card>
      <Card>
        <Id>TRL_319</Id>
        <Count>2</Count>
      </Card>
      <Card>
        <Id>NEW1_021</Id>
        <Count>2</Count>
      </Card>
      <Card>
        <Id>EX1_007</Id>
        <Count>1</Count>
      </Card>
      <Card>
        <Id>DAL_177</Id>
        <Count>2</Count>
      </Card>
      <Card>
        <Id>DAL_163</Id>
        <Count>2</Count>
      </Card>
      <Card>
        <Id>CS2_026</Id>
        <Count>2</Count>
      </Card>
      <Card>
        <Id>CS2_023</Id>
        <Count>2</Count>
      </Card>
      <Card>
        <Id>BOT_548</Id>
        <Count>1</Count>
      </Card>
      <Card>
        <Id>BOT_601</Id>
        <Count>2</Count>
      </Card>
      <Card>
        <Id>CS2_028</Id>
        <Count>2</Count>
      </Card>
      <Card>
        <Id>BOT_256</Id>
        <Count>2</Count>
      </Card>
      <Card>
        <Id>CS2_032</Id>
        <Count>2</Count>
      </Card>
      <Card>
        <Id>TRL_316</Id>
        <Count>1</Count>
      </Card>
      <Card>
        <Id>DAL_578</Id>
        <Count>1</Count>
      </Card>
      <Card>
        <Id>DAL_609</Id>
        <Count>1</Count>
      </Card>
    </Cards>
    <Class>Mage</Class>
    <LastEdited>2019-04-15T20:17:36.1143475+02:00</LastEdited>
    <MissingCards />
    <Url />
    <Version>
      <Build>0</Build>
      <Major>1</Major>
      <Minor>0</Minor>
      <Revision>0</Revision>
    </Version>
    <DeckHistory />
    <Archived>false</Archived>
    <HsId>1770890855</HsId>
    <Note />
    <SelectedVersion>
      <Build>0</Build>
      <Major>1</Major>
      <Minor>0</Minor>
      <Revision>0</Revision>
    </SelectedVersion>
    <IsArenaDeck>false</IsArenaDeck>
    <IsDungeonDeck>false</IsDungeonDeck>
    <DeckId>e439e354-f9b0-4543-8a7a-8e347d1e4735</DeckId>
    <Name>Mazzo Mago</Name>
    <Tags />
  </Deck>
  <Deck>
    <Cards>
      <Card>
        <Id>EX1_058</Id>
        <Count>1</Count>
      </Card>
      <Card>
        <Id>DAL_575</Id>
        <Count>1</Count>
      </Card>
      <Card>
        <Id>GIL_548</Id>
        <Count>2</Count>
      </Card>
      <Card>
        <Id>EX1_066</Id>
        <Count>2</Count>
      </Card>
      <Card>
        <Id>TRL_523</Id>
        <Count>2</Count>
      </Card>
      <Card>
        <Id>DAL_177</Id>
        <Count>2</Count>
      </Card>
      <Card>
        <Id>DAL_163</Id>
        <Count>2</Count>
      </Card>
      <Card>
        <Id>EX1_043</Id>
        <Count>2</Count>
      </Card>
      <Card>
        <Id>GIL_601</Id>
        <Count>2</Count>
      </Card>
      <Card>
        <Id>TRL_526</Id>
        <Count>1</Count>
      </Card>
      <Card>
        <Id>EX1_558</Id>
        <Count>1</Count>
      </Card>
      <Card>
        <Id>GIL_667</Id>
        <Count>1</Count>
      </Card>
      <Card>
        <Id>BOT_548</Id>
        <Count>1</Count>
      </Card>
      <Card>
        <Id>DAL_088</Id>
        <Count>1</Count>
      </Card>
      <Card>
        <Id>BOT_256</Id>
        <Count>2</Count>
      </Card>
      <Card>
        <Id>TRL_569</Id>
        <Count>2</Count>
      </Card>
      <Card>
        <Id>DAL_578</Id>
        <Count>2</Count>
      </Card>
      <Card>
        <Id>DAL_609</Id>
        <Count>1</Count>
      </Card>
      <Card>
        <Id>EX1_105</Id>
        <Count>2</Count>
      </Card>
    </Cards>
    <Class>Mage</Class>
    <LastEdited>2019-04-15T20:17:36.1143475+02:00</LastEdited>
    <MissingCards />
    <Url />
    <Version>
      <Build>0</Build>
      <Major>1</Major>
      <Minor>0</Minor>
      <Revision>0</Revision>
    </Version>
    <DeckHistory />
    <Archived>false</Archived>
    <HsId>1771190020</HsId>
    <Note />
    <SelectedVersion>
      <Build>0</Build>
      <Major>1</Major>
      <Minor>0</Minor>
      <Revision>0</Revision>
    </SelectedVersion>
    <IsArenaDeck>false</IsArenaDeck>
    <IsDungeonDeck>false</IsDungeonDeck>
    <DeckId>ccac2614-3643-43ab-a515-fe16ad57a548</DeckId>
    <Name>Mazzo Mago2</Name>
    <Tags />
  </Deck>
  <Deck>
    <Cards>
      <Card>
        <Id>EX1_058</Id>
        <Count>1</Count>
      </Card>
      <Card>
        <Id>DAL_575</Id>
        <Count>1</Count>
      </Card>
      <Card>
        <Id>GIL_548</Id>
        <Count>2</Count>
      </Card>
      <Card>
        <Id>EX1_066</Id>
        <Count>1</Count>
      </Card>
      <Card>
        <Id>TRL_523</Id>
        <Count>2</Count>
      </Card>
      <Card>
        <Id>NEW1_021</Id>
        <Count>2</Count>
      </Card>
      <Card>
        <Id>DAL_177</Id>
        <Count>2</Count>
      </Card>
      <Card>
        <Id>EX1_085</Id>
        <Count>2</Count>
      </Card>
      <Card>
        <Id>EX1_043</Id>
        <Count>2</Count>
      </Card>
      <Card>
        <Id>GIL_601</Id>
        <Count>2</Count>
      </Card>
      <Card>
        <Id>TRL_526</Id>
        <Count>2</Count>
      </Card>
      <Card>
        <Id>GIL_667</Id>
        <Count>1</Count>
      </Card>
      <Card>
        <Id>BOT_548</Id>
        <Count>1</Count>
      </Card>
      <Card>
        <Id>DAL_088</Id>
        <Count>1</Count>
      </Card>
      <Card>
        <Id>BOT_256</Id>
        <Count>2</Count>
      </Card>
      <Card>
        <Id>TRL_569</Id>
        <Count>2</Count>
      </Card>
      <Card>
        <Id>DAL_578</Id>
        <Count>2</Count>
      </Card>
      <Card>
        <Id>EX1_105</Id>
        <Count>2</Count>
      </Card>
    </Cards>
    <Class>Mage</Class>
    <LastEdited>2019-04-15T20:17:36.1143475+02:00</LastEdited>
    <MissingCards />
    <Url />
    <Version>
      <Build>0</Build>
      <Major>1</Major>
      <Minor>0</Minor>
      <Revision>0</Revision>
    </Version>
    <DeckHistory />
    <Archived>false</Archived>
    <HsId>1772660410</HsId>
    <Note />
    <SelectedVersion>
      <Build>0</Build>
      <Major>1</Major>
      <Minor>0</Minor>
      <Revision>0</Revision>
    </SelectedVersion>
    <IsArenaDeck>false</IsArenaDeck>
    <IsDungeonDeck>false</IsDungeonDeck>
    <DeckId>287cfcdd-4188-4618-88fa-459fe0401c5e</DeckId>
    <Name>Gera Mago</Name>
    <Tags />
  </Deck>
  <Deck>
    <Cards>
      <Card>
        <Id>EX1_058</Id>
        <Count>2</Count>
      </Card>
      <Card>
        <Id>DAL_575</Id>
        <Count>1</Count>
      </Card>
      <Card>
        <Id>GIL_548</Id>
        <Count>2</Count>
      </Card>
      <Card>
        <Id>EX1_066</Id>
        <Count>1</Count>
      </Card>
      <Card>
        <Id>TRL_523</Id>
        <Count>2</Count>
      </Card>
      <Card>
        <Id>DAL_177</Id>
        <Count>2</Count>
      </Card>
      <Card>
        <Id>DAL_163</Id>
        <Count>2</Count>
      </Card>
      <Card>
        <Id>EX1_043</Id>
        <Count>2</Count>
      </Card>
      <Card>
        <Id>GIL_601</Id>
        <Count>2</Count>
      </Card>
      <Card>
        <Id>TRL_526</Id>
        <Count>2</Count>
      </Card>
      <Card>
        <Id>EX1_558</Id>
        <Count>1</Count>
      </Card>
      <Card>
        <Id>BOT_548</Id>
        <Count>1</Count>
      </Card>
      <Card>
        <Id>DAL_088</Id>
        <Count>1</Count>
      </Card>
      <Card>
        <Id>BOT_256</Id>
        <Count>2</Count>
      </Card>
      <Card>
        <Id>TRL_569</Id>
        <Count>2</Count>
      </Card>
      <Card>
        <Id>DAL_578</Id>
        <Count>2</Count>
      </Card>
      <Card>
        <Id>DAL_609</Id>
        <Count>1</Count>
      </Card>
      <Card>
        <Id>EX1_105</Id>
        <Count>2</Count>
      </Card>
    </Cards>
    <Class>Mage</Class>
    <LastEdited>2019-04-17T20:52:12.0037098+02:00</LastEdited>
    <MissingCards />
    <Url />
    <Version>
      <Build>0</Build>
      <Major>1</Major>
      <Minor>0</Minor>
      <Revision>0</Revision>
    </Version>
    <DeckHistory />
    <Archived>false</Archived>
    <HsId>1773830573</HsId>
    <Note />
    <SelectedVersion>
      <Build>0</Build>
      <Major>1</Major>
      <Minor>0</Minor>
      <Revision>0</Revision>
    </SelectedVersion>
    <IsArenaDeck>false</IsArenaDeck>
    <IsDungeonDeck>false</IsDungeonDeck>
    <DeckId>ba0adba0-2068-490f-9784-1690a2c8ec45</DeckId>
    <Name>Duca Mago</Name>
    <Tags />
  </Deck>
  <Deck>
    <Cards>
      <Card>
        <Id>CS2_008</Id>
        <Count>2</Count>
      </Card>
      <Card>
        <Id>EX1_169</Id>
        <Count>2</Count>
      </Card>
      <Card>
        <Id>EX1_154</Id>
        <Count>2</Count>
      </Card>
      <Card>
        <Id>CS2_013</Id>
        <Count>2</Count>
      </Card>
      <Card>
        <Id>GIL_571</Id>
        <Count>2</Count>
      </Card>
      <Card>
        <Id>GIL_637</Id>
        <Count>2</Count>
      </Card>
      <Card>
        <Id>TRL_244</Id>
        <Count>2</Count>
      </Card>
      <Card>
        <Id>CS2_012</Id>
        <Count>2</Count>
      </Card>
      <Card>
        <Id>GIL_623</Id>
        <Count>2</Count>
      </Card>
      <Card>
        <Id>NEW1_007</Id>
        <Count>2</Count>
      </Card>
      <Card>
        <Id>EX1_564</Id>
        <Count>2</Count>
      </Card>
      <Card>
        <Id>EX1_173</Id>
        <Count>1</Count>
      </Card>
      <Card>
        <Id>EX1_164</Id>
        <Count>2</Count>
      </Card>
      <Card>
        <Id>BOT_423</Id>
        <Count>2</Count>
      </Card>
      <Card>
        <Id>DAL_752</Id>
        <Count>1</Count>
      </Card>
      <Card>
        <Id>EX1_561</Id>
        <Count>1</Count>
      </Card>
      <Card>
        <Id>EX1_563</Id>
        <Count>1</Count>
      </Card>
    </Cards>
    <Class>Druid</Class>
    <LastEdited>2019-04-18T22:32:24.9553922+02:00</LastEdited>
    <MissingCards />
    <Url />
    <Version>
      <Build>0</Build>
      <Major>1</Major>
      <Minor>0</Minor>
      <Revision>0</Revision>
    </Version>
    <DeckHistory />
    <Archived>false</Archived>
    <HsId>1776113831</HsId>
    <Note />
    <SelectedVersion>
      <Build>0</Build>
      <Major>1</Major>
      <Minor>0</Minor>
      <Revision>0</Revision>
    </SelectedVersion>
    <IsArenaDeck>false</IsArenaDeck>
    <IsDungeonDeck>false</IsDungeonDeck>
    <DeckId>c83e2894-975d-4b19-b06b-032fa8b85f28</DeckId>
    <Name>Mazzo Druido</Name>
    <Tags />
  </Deck>
  <Deck>
    <Cards>
      <Card>
        <Id>EX1_058</Id>
        <Count>1</Count>
      </Card>
      <Card>
        <Id>DAL_575</Id>
        <Count>1</Count>
      </Card>
      <Card>
        <Id>GIL_548</Id>
        <Count>2</Count>
      </Card>
      <Card>
        <Id>EX1_066</Id>
        <Count>2</Count>
      </Card>
      <Card>
        <Id>TRL_523</Id>
        <Count>2</Count>
      </Card>
      <Card>
        <Id>NEW1_021</Id>
        <Count>2</Count>
      </Card>
      <Card>
        <Id>DAL_177</Id>
        <Count>2</Count>
      </Card>
      <Card>
        <Id>EX1_085</Id>
        <Count>2</Count>
      </Card>
      <Card>
        <Id>EX1_043</Id>
        <Count>2</Count>
      </Card>
      <Card>
        <Id>GIL_601</Id>
        <Count>2</Count>
      </Card>
      <Card>
        <Id>TRL_526</Id>
        <Count>2</Count>
      </Card>
      <Card>
        <Id>BOT_548</Id>
        <Count>1</Count>
      </Card>
      <Card>
        <Id>DAL_088</Id>
        <Count>1</Count>
      </Card>
      <Card>
        <Id>BOT_256</Id>
        <Count>2</Count>
      </Card>
      <Card>
        <Id>TRL_569</Id>
        <Count>2</Count>
      </Card>
      <Card>
        <Id>DAL_578</Id>
        <Count>2</Count>
      </Card>
      <Card>
        <Id>EX1_105</Id>
        <Count>2</Count>
      </Card>
    </Cards>
    <Class>Mage</Class>
    <LastEdited>2019-04-18T22:32:24.9553922+02:00</LastEdited>
    <MissingCards />
    <Url />
    <Version>
      <Build>0</Build>
      <Major>1</Major>
      <Minor>0</Minor>
      <Revision>0</Revision>
    </Version>
    <DeckHistory />
    <Archived>false</Archived>
    <HsId>1775658134</HsId>
    <Note />
    <SelectedVersion>
      <Build>0</Build>
      <Major>1</Major>
      <Minor>0</Minor>
      <Revision>0</Revision>
    </SelectedVersion>
    <IsArenaDeck>false</IsArenaDeck>
    <IsDungeonDeck>false</IsDungeonDeck>
    <DeckId>e367a4d0-a438-4e50-9260-c3f2144c0940</DeckId>
    <Name>Gera Mago</Name>
    <Tags />
  </Deck>
  <Deck>
    <Cards>
      <Card>
        <Id>EX1_058</Id>
        <Count>1</Count>
      </Card>
      <Card>
        <Id>DAL_575</Id>
        <Count>1</Count>
      </Card>
      <Card>
        <Id>GIL_548</Id>
        <Count>2</Count>
      </Card>
      <Card>
        <Id>EX1_066</Id>
        <Count>2</Count>
      </Card>
      <Card>
        <Id>TRL_523</Id>
        <Count>2</Count>
      </Card>
      <Card>
        <Id>DAL_177</Id>
        <Count>2</Count>
      </Card>
      <Card>
        <Id>DAL_163</Id>
        <Count>2</Count>
      </Card>
      <Card>
        <Id>EX1_085</Id>
        <Count>1</Count>
      </Card>
      <Card>
        <Id>EX1_043</Id>
        <Count>2</Count>
      </Card>
      <Card>
        <Id>GIL_601</Id>
        <Count>2</Count>
      </Card>
      <Card>
        <Id>TRL_526</Id>
        <Count>2</Count>
      </Card>
      <Card>
        <Id>GIL_667</Id>
        <Count>1</Count>
      </Card>
      <Card>
        <Id>BOT_548</Id>
        <Count>1</Count>
      </Card>
      <Card>
        <Id>GIL_124</Id>
        <Count>1</Count>
      </Card>
      <Card>
        <Id>BOT_256</Id>
        <Count>2</Count>
      </Card>
      <Card>
        <Id>TRL_569</Id>
        <Count>2</Count>
      </Card>
      <Card>
        <Id>DAL_578</Id>
        <Count>2</Count>
      </Card>
      <Card>
        <Id>EX1_105</Id>
        <Count>2</Count>
      </Card>
    </Cards>
    <Class>Mage</Class>
    <LastEdited>2019-06-15T07:11:17.567994+02:00</LastEdited>
    <MissingCards />
    <Url />
    <Version>
      <Build>0</Build>
      <Major>1</Major>
      <Minor>0</Minor>
      <Revision>0</Revision>
    </Version>
    <DeckHistory />
    <Archived>false</Archived>
    <HsId>1780371503</HsId>
    <Note />
    <SelectedVersion>
      <Build>0</Build>
      <Major>1</Major>
      <Minor>0</Minor>
      <Revision>0</Revision>
    </SelectedVersion>
    <IsArenaDeck>false</IsArenaDeck>
    <IsDungeonDeck>false</IsDungeonDeck>
    <DeckId>9c52879d-35b0-4f9d-aed9-868889e51b7b</DeckId>
    <Name>Mazzo Mago</Name>
    <Tags />
  </Deck>
  <Deck>
    <Cards>
      <Card>
        <Id>EX1_058</Id>
        <Count>2</Count>
      </Card>
      <Card>
        <Id>DAL_575</Id>
        <Count>1</Count>
      </Card>
      <Card>
        <Id>GIL_548</Id>
        <Count>2</Count>
      </Card>
      <Card>
        <Id>EX1_066</Id>
        <Count>2</Count>
      </Card>
      <Card>
        <Id>TRL_523</Id>
        <Count>2</Count>
      </Card>
      <Card>
        <Id>NEW1_021</Id>
        <Count>1</Count>
      </Card>
      <Card>
        <Id>EX1_007</Id>
        <Count>1</Count>
      </Card>
      <Card>
        <Id>GIL_614</Id>
        <Count>1</Count>
      </Card>
      <Card>
        <Id>DAL_177</Id>
        <Count>2</Count>
      </Card>
      <Card>
        <Id>EX1_085</Id>
        <Count>1</Count>
      </Card>
      <Card>
        <Id>EX1_043</Id>
        <Count>2</Count>
      </Card>
      <Card>
        <Id>GIL_601</Id>
        <Count>1</Count>
      </Card>
      <Card>
        <Id>TRL_526</Id>
        <Count>2</Count>
      </Card>
      <Card>
        <Id>BOT_548</Id>
        <Count>1</Count>
      </Card>
      <Card>
        <Id>BOT_256</Id>
        <Count>2</Count>
      </Card>
      <Card>
        <Id>TRL_515</Id>
        <Count>2</Count>
      </Card>
      <Card>
        <Id>DAL_578</Id>
        <Count>2</Count>
      </Card>
      <Card>
        <Id>EX1_561</Id>
        <Count>1</Count>
      </Card>
      <Card>
        <Id>EX1_105</Id>
        <Count>2</Count>
      </Card>
    </Cards>
    <Class>Mage</Class>
    <LastEdited>2019-06-15T07:11:17.5689888+02:00</LastEdited>
    <MissingCards />
    <Url />
    <Version>
      <Build>0</Build>
      <Major>1</Major>
      <Minor>0</Minor>
      <Revision>0</Revision>
    </Version>
    <DeckHistory />
    <Archived>false</Archived>
    <HsId>1784772695</HsId>
    <Note />
    <SelectedVersion>
      <Build>0</Build>
      <Major>1</Major>
      <Minor>0</Minor>
      <Revision>0</Revision>
    </SelectedVersion>
    <IsArenaDeck>false</IsArenaDeck>
    <IsDungeonDeck>false</IsDungeonDeck>
    <DeckId>0a8313ae-443e-49d6-91d1-50ee59294ba6</DeckId>
    <Name>Mazzo Mago2</Name>
    <Tags />
  </Deck>
  <Deck>
    <Cards>
      <Card>
        <Id>EX1_621</Id>
        <Count>2</Count>
      </Card>
      <Card>
        <Id>DAL_723</Id>
        <Count>1</Count>
      </Card>
      <Card>
        <Id>DAL_011</Id>
        <Count>2</Count>
      </Card>
      <Card>
        <Id>TRL_128</Id>
        <Count>2</Count>
      </Card>
      <Card>
        <Id>EX1_332</Id>
        <Count>2</Count>
      </Card>
      <Card>
        <Id>BOT_517</Id>
        <Count>2</Count>
      </Card>
      <Card>
        <Id>CS2_235</Id>
        <Count>2</Count>
      </Card>
      <Card>
        <Id>CS2_004</Id>
        <Count>2</Count>
      </Card>
      <Card>
        <Id>GIL_661</Id>
        <Count>2</Count>
      </Card>
      <Card>
        <Id>EX1_066</Id>
        <Count>1</Count>
      </Card>
      <Card>
        <Id>NEW1_020</Id>
        <Count>2</Count>
      </Card>
      <Card>
        <Id>TRL_097</Id>
        <Count>2</Count>
      </Card>
      <Card>
        <Id>EX1_007</Id>
        <Count>2</Count>
      </Card>
      <Card>
        <Id>TRL_258</Id>
        <Count>1</Count>
      </Card>
      <Card>
        <Id>EX1_095</Id>
        <Count>2</Count>
      </Card>
      <Card>
        <Id>DAL_554</Id>
        <Count>1</Count>
      </Card>
      <Card>
        <Id>TRL_408</Id>
        <Count>2</Count>
      </Card>
    </Cards>
    <Class>Priest</Class>
    <LastEdited>2019-06-15T07:11:17.5689888+02:00</LastEdited>
    <MissingCards />
    <Url />
    <Version>
      <Build>0</Build>
      <Major>1</Major>
      <Minor>0</Minor>
      <Revision>0</Revision>
    </Version>
    <DeckHistory />
    <Archived>false</Archived>
    <HsId>1786649969</HsId>
    <Note />
    <SelectedVersion>
      <Build>0</Build>
      <Major>1</Major>
      <Minor>0</Minor>
      <Revision>0</Revision>
    </SelectedVersion>
    <IsArenaDeck>false</IsArenaDeck>
    <IsDungeonDeck>false</IsDungeonDeck>
    <DeckId>01e7e60f-0a35-4325-8255-1cc55e0edc2f</DeckId>
    <Name>Nomi</Name>
    <Tags />
  </Deck>
  <Deck>
    <Cards>
      <Card>
        <Id>TRL_310</Id>
        <Count>2</Count>
      </Card>
      <Card>
        <Id>CS2_027</Id>
        <Count>2</Count>
      </Card>
      <Card>
        <Id>DAL_577</Id>
        <Count>2</Count>
      </Card>
      <Card>
        <Id>DAL_608</Id>
        <Count>2</Count>
      </Card>
      <Card>
        <Id>DAL_603</Id>
        <Count>2</Count>
      </Card>
      <Card>
        <Id>DAL_575</Id>
        <Count>1</Count>
      </Card>
      <Card>
        <Id>EX1_608</Id>
        <Count>2</Count>
      </Card>
      <Card>
        <Id>NEW1_021</Id>
        <Count>1</Count>
      </Card>
      <Card>
        <Id>TRL_509</Id>
        <Count>1</Count>
      </Card>
      <Card>
        <Id>DAL_177</Id>
        <Count>2</Count>
      </Card>
      <Card>
        <Id>CS2_023</Id>
        <Count>2</Count>
      </Card>
      <Card>
        <Id>EX1_085</Id>
        <Count>1</Count>
      </Card>
      <Card>
        <Id>EX1_558</Id>
        <Count>1</Count>
      </Card>
      <Card>
        <Id>BOT_548</Id>
        <Count>1</Count>
      </Card>
      <Card>
        <Id>BOT_256</Id>
        <Count>2</Count>
      </Card>
      <Card>
        <Id>TRL_515</Id>
        <Count>2</Count>
      </Card>
      <Card>
        <Id>DAL_578</Id>
        <Count>2</Count>
      </Card>
      <Card>
        <Id>EX1_105</Id>
        <Count>2</Count>
      </Card>
    </Cards>
    <Class>Mage</Class>
    <LastEdited>2019-06-15T07:11:17.5699866+02:00</LastEdited>
    <MissingCards />
    <Url />
    <Version>
      <Build>0</Build>
      <Major>1</Major>
      <Minor>0</Minor>
      <Revision>0</Revision>
    </Version>
    <DeckHistory />
    <Archived>false</Archived>
    <HsId>1795559354</HsId>
    <Note />
    <SelectedVersion>
      <Build>0</Build>
      <Major>1</Major>
      <Minor>0</Minor>
      <Revision>0</Revision>
    </SelectedVersion>
    <IsArenaDeck>false</IsArenaDeck>
    <IsDungeonDeck>false</IsDungeonDeck>
    <DeckId>96cf7b17-a017-4271-9ec1-0e3cee03e602</DeckId>
    <Name>Mazzo Mago3</Name>
    <Tags />
  </Deck>
  <Deck>
    <Cards>
      <Card>
        <Id>BOT_445</Id>
        <Count>2</Count>
      </Card>
      <Card>
        <Id>DAL_354</Id>
        <Count>2</Count>
      </Card>
      <Card>
        <Id>DAL_732</Id>
        <Count>1</Count>
      </Card>
      <Card>
        <Id>DAL_733</Id>
        <Count>2</Count>
      </Card>
      <Card>
        <Id>EX1_154</Id>
        <Count>2</Count>
      </Card>
      <Card>
        <Id>EX1_160</Id>
        <Count>2</Count>
      </Card>
      <Card>
        <Id>DAL_351</Id>
        <Count>2</Count>
      </Card>
      <Card>
        <Id>BOT_535</Id>
        <Count>2</Count>
      </Card>
      <Card>
        <Id>CS2_011</Id>
        <Count>2</Count>
      </Card>
      <Card>
        <Id>EX1_085</Id>
        <Count>1</Count>
      </Card>
      <Card>
        <Id>EX1_158</Id>
        <Count>2</Count>
      </Card>
      <Card>
        <Id>GIL_553</Id>
        <Count>2</Count>
      </Card>
      <Card>
        <Id>BOT_532</Id>
        <Count>2</Count>
      </Card>
      <Card>
        <Id>BOT_434</Id>
        <Count>1</Count>
      </Card>
      <Card>
        <Id>BOT_312</Id>
        <Count>2</Count>
      </Card>
      <Card>
        <Id>CS2_012</Id>
        <Count>2</Count>
      </Card>
      <Card>
        <Id>BOT_548</Id>
        <Count>1</Count>
      </Card>
    </Cards>
    <Class>Druid</Class>
    <LastEdited>2019-06-15T07:11:17.5699866+02:00</LastEdited>
    <MissingCards />
    <Url />
    <Version>
      <Build>0</Build>
      <Major>1</Major>
      <Minor>0</Minor>
      <Revision>0</Revision>
    </Version>
    <DeckHistory />
    <Archived>false</Archived>
    <HsId>1796824759</HsId>
    <Note />
    <SelectedVersion>
      <Build>0</Build>
      <Major>1</Major>
      <Minor>0</Minor>
      <Revision>0</Revision>
    </SelectedVersion>
    <IsArenaDeck>false</IsArenaDeck>
    <IsDungeonDeck>false</IsDungeonDeck>
    <DeckId>00d3fc4b-765d-4dee-99a8-dfaa09e8a96f</DeckId>
    <Name>Mazzo Druido4</Name>
    <Tags />
  </Deck>
  <Deck>
    <Cards>
      <Card>
        <Id>BOT_517</Id>
        <Count>1</Count>
      </Card>
      <Card>
        <Id>CS2_235</Id>
        <Count>2</Count>
      </Card>
      <Card>
        <Id>CS2_004</Id>
        <Count>2</Count>
      </Card>
      <Card>
        <Id>BOT_558</Id>
        <Count>1</Count>
      </Card>
      <Card>
        <Id>BOT_219</Id>
        <Count>2</Count>
      </Card>
      <Card>
        <Id>GIL_661</Id>
        <Count>2</Count>
      </Card>
      <Card>
        <Id>NEW1_020</Id>
        <Count>2</Count>
      </Card>
      <Card>
        <Id>TRL_097</Id>
        <Count>2</Count>
      </Card>
      <Card>
        <Id>EX1_007</Id>
        <Count>2</Count>
      </Card>
      <Card>
        <Id>TRL_509</Id>
        <Count>2</Count>
      </Card>
      <Card>
        <Id>EX1_622</Id>
        <Count>2</Count>
      </Card>
      <Card>
        <Id>DAL_558</Id>
        <Count>1</Count>
      </Card>
      <Card>
        <Id>EX1_626</Id>
        <Count>1</Count>
      </Card>
      <Card>
        <Id>TRL_010</Id>
        <Count>1</Count>
      </Card>
      <Card>
        <Id>DAL_749</Id>
        <Count>2</Count>
      </Card>
      <Card>
        <Id>TRL_258</Id>
        <Count>2</Count>
      </Card>
      <Card>
        <Id>BOT_529</Id>
        <Count>1</Count>
      </Card>
      <Card>
        <Id>BOT_548</Id>
        <Count>1</Count>
      </Card>
      <Card>
        <Id>TRL_537</Id>
        <Count>1</Count>
      </Card>
    </Cards>
    <Class>Priest</Class>
    <LastEdited>2019-06-15T07:11:17.5710155+02:00</LastEdited>
    <MissingCards />
    <Url />
    <Version>
      <Build>0</Build>
      <Major>1</Major>
      <Minor>0</Minor>
      <Revision>0</Revision>
    </Version>
    <DeckHistory />
    <Archived>false</Archived>
    <HsId>1807270482</HsId>
    <Note />
    <SelectedVersion>
      <Build>0</Build>
      <Major>1</Major>
      <Minor>0</Minor>
      <Revision>0</Revision>
    </SelectedVersion>
    <IsArenaDeck>false</IsArenaDeck>
    <IsDungeonDeck>false</IsDungeonDeck>
    <DeckId>670fa087-bd40-4883-856d-81e8bc3d6b72</DeckId>
    <Name>Mazzo Sacerdote</Name>
    <Tags />
  </Deck>
  <LastDeckClass>
    <DeckInfo>
      <Class>Shaman</Class>
      <Id>8e5fe82d-2886-4751-b6f4-00982eb12345</Id>
      <Name>Custom Shaman</Name>
    </DeckInfo>
    <DeckInfo>
      <Class>Paladin</Class>
      <Id>fccecc43-ed90-4eec-a9fc-3cffb35f6a8f</Id>
      <Name>Custom Paladin</Name>
    </DeckInfo>
    <DeckInfo>
      <Class>Priest</Class>
      <Id>5c86f246-1dfc-4700-8e14-969f60ad719e</Id>
      <Name>Silent Priest</Name>
    </DeckInfo>
    <DeckInfo>
      <Class>Druid</Class>
      <Id>c83e2894-975d-4b19-b06b-032fa8b85f28</Id>
      <Name>Mazzo Druido</Name>
    </DeckInfo>
    <DeckInfo>
      <Class>Mage</Class>
      <Id>96cf7b17-a017-4271-9ec1-0e3cee03e602</Id>
      <Name>Mazzo Mago3</Name>
    </DeckInfo>
  </LastDeckClass>
</Decks>