<?xml version="1.0" encoding="utf-8"?>
<Decks xmlns:xsi="http://www.w3.org/2001/XMLSchema-instance" xmlns:xsd="http://www.w3.org/2001/XMLSchema">
  <Tags>
    <Tag>All</Tag>
    <Tag>None</Tag>
    <Tag>Favorite</Tag>
    <Tag>Ranked Deck</Tag>
  </Tags>
  <Deck>
    <Cards>
      <Card>
        <Id>EX1_595</Id>
        <Count>1</Count>
      </Card>
      <Card>
        <Id>TRL_363</Id>
        <Count>1</Count>
      </Card>
      <Card>
        <Id>DAL_732</Id>
        <Count>1</Count>
      </Card>
      <Card>
        <Id>DAL_256</Id>
        <Count>1</Count>
      </Card>
      <Card>
        <Id>EX1_160</Id>
        <Count>2</Count>
      </Card>
      <Card>
        <Id>CS2_011</Id>
        <Count>2</Count>
      </Card>
      <Card>
        <Id>EX1_008</Id>
        <Count>2</Count>
      </Card>
      <Card>
        <Id>EX1_154</Id>
        <Count>2</Count>
      </Card>
      <Card>
        <Id>EX1_162</Id>
        <Count>2</Count>
      </Card>
      <Card>
        <Id>NEW1_019</Id>
        <Count>2</Count>
      </Card>
      <Card>
        <Id>BOT_445</Id>
        <Count>2</Count>
      </Card>
      <Card>
        <Id>TRL_503</Id>
        <Count>2</Count>
      </Card>
      <Card>
        <Id>DAL_350</Id>
        <Count>2</Count>
      </Card>
      <Card>
        <Id>DAL_351</Id>
        <Count>2</Count>
      </Card>
      <Card>
        <Id>DAL_354</Id>
        <Count>2</Count>
      </Card>
      <Card>
        <Id>DAL_733</Id>
        <Count>2</Count>
      </Card>
      <Card>
        <Id>DAL_773</Id>
        <Count>2</Count>
      </Card>
    </Cards>
    <Class>Druid</Class>
    <LastEdited>2019-04-10T21:44:36.5567368+02:00</LastEdited>
    <MissingCards />
    <Url />
    <Version>
      <Build>0</Build>
      <Major>1</Major>
      <Minor>0</Minor>
      <Revision>0</Revision>
    </Version>
    <DeckHistory />
    <Archived>false</Archived>
    <HsId>0</HsId>
    <Note />
    <SelectedVersion>
      <Build>0</Build>
      <Major>1</Major>
      <Minor>0</Minor>
      <Revision>0</Revision>
    </SelectedVersion>
    <IsArenaDeck>false</IsArenaDeck>
    <IsDungeonDeck>false</IsDungeonDeck>
    <DeckId>48344fdd-601a-45d1-ade8-9a64a5e82828</DeckId>
    <Name>Aggro</Name>
    <Tags />
  </Deck>
  <LastDeckClass>
    <DeckInfo>
      <Class>Shaman</Class>
      <Id>8e5fe82d-2886-4751-b6f4-00982eb12345</Id>
      <Name>Custom Shaman</Name>
    </DeckInfo>
    <DeckInfo>
      <Class>Paladin</Class>
      <Id>fccecc43-ed90-4eec-a9fc-3cffb35f6a8f</Id>
      <Name>Custom Paladin</Name>
    </DeckInfo>
    <DeckInfo>
      <Class>Mage</Class>
      <Id>1d5b7e1b-8d6d-4a79-a320-aa8e37a0f1ed</Id>
      <Name>Aggro Mage</Name>
    </DeckInfo>
    <DeckInfo>
      <Class>Druid</Class>
      <Id>48344fdd-601a-45d1-ade8-9a64a5e82828</Id>
      <Name>Aggro</Name>
    </DeckInfo>
  </LastDeckClass>
</Decks>